,Pipeline,Cancer,Hugo_Symbol,Chromosome,Start_Position,End_Position,Strand,Variant_Classification,HGVSc,HGVSp,Consequence,cDNA_position,CDS_position,Protein_position,Amino_acids,Codons,TRANSCRIPT_STRAND,SWISSPROT,SIFT,PolyPhen,IMPACT
1,mutect2,BRCA,PTK2,chr8,140743317,140743317,+,Missense_Mutation,c.1648C>T,p.Arg550Trp,missense_variant,1830/4405,1648/3159,550/1052,R/W,Cgg/Tgg,-1,Q05397,deleterious(0),probably_damaging(1),MODERATE
2,mutect2,BRCA,PTK2,chr8,140890598,140890598,+,Missense_Mutation,c.140G>A,p.Ser47Asn,missense_variant,322/4405,140/3159,47/1052,S/N,aGt/aAt,-1,Q05397,tolerated_low_confidence(0.21),benign(0),MODERATE
3,mutect2,BRCA,PTK2,chr8,140739053,140739053,+,Missense_Mutation,c.1790G>T,p.Arg597Leu,missense_variant,1972/4405,1790/3159,597/1052,R/L,cGa/cTa,-1,Q05397,deleterious(0),probably_damaging(0.996),MODERATE
4,mutect2,BRCA,PTK2,chr8,140743277,140743277,+,Missense_Mutation,c.1688G>T,p.Gly563Val,missense_variant,1870/4405,1688/3159,563/1052,G/V,gGa/gTa,-1,Q05397,deleterious(0.01),probably_damaging(0.997),MODERATE
5,mutect2,BRCA,PTK2,chr8,140746822,140746822,+,Missense_Mutation,c.1456C>G,p.Leu486Val,missense_variant,1638/4405,1456/3159,486/1052,L/V,Ctg/Gtg,-1,Q05397,deleterious(0),probably_damaging(1),MODERATE
6,mutect2,BRCA,PTK2,chr8,140830487,140830487,+,Missense_Mutation,c.633A>T,p.Leu211Phe,missense_variant,815/4405,633/3159,211/1052,L/F,ttA/ttT,-1,Q05397,tolerated(0.06),benign(0.195),MODERATE
7,mutect2,BRCA,PTK2,chr8,140818909,140818910,+,Frame_Shift_Ins,c.759dupT,p.Asp254Ter,frameshift_variant,941-942/4405,759-760/3159,253-254/1052,-/X,-/T,-1,Q05397,NA,NA,HIGH
8,mutect2,BRCA,PTK2,chr8,140735258,140735258,+,Nonsense_Mutation,c.2023C>T,p.Gln675Ter,stop_gained,2205/4405,2023/3159,675/1052,Q/*,Cag/Tag,-1,Q05397,NA,NA,HIGH
9,mutect2,BRCA,PTK2,chr8,140735313,140735313,+,Silent,c.1968G>A,p.=,synonymous_variant,2150/4405,1968/3159,656/1052,T,acG/acA,-1,Q05397,NA,NA,LOW
10,mutect2,BRCA,PTK2,chr8,140674341,140674341,+,Missense_Mutation,c.2666C>T,p.Ala889Val,missense_variant,2848/4405,2666/3159,889/1052,A/V,gCc/gTc,-1,Q05397,tolerated(0.09),benign(0.066),MODERATE
11,mutect2,BRCA,PTK2,chr8,140800574,140800574,+,Splice_Region,c.978T>A,p.=,splice_region_variant;synonymous_variant,1160/4405,978/3159,326/1052,P,ccT/ccA,-1,Q05397,NA,NA,LOW
12,mutect2,BRCA,PTK2,chr8,140818914,140818914,+,Missense_Mutation,c.755G>T,p.Arg252Ile,missense_variant,937/4405,755/3159,252/1052,R/I,aGa/aTa,-1,Q05397,deleterious(0.01),benign(0.045),MODERATE
13,mutect2,BRCA,PTK2,chr8,140789485,140789485,+,Missense_Mutation,c.1166T>C,p.Val389Ala,missense_variant,1348/4405,1166/3159,389/1052,V/A,gTc/gCc,-1,Q05397,tolerated(0.24),benign(0.007),MODERATE
14,mutect2,BRCA,PTK2,chr8,140735447,140735447,+,Missense_Mutation,c.1834A>G,p.Met612Val,missense_variant,2016/4405,1834/3159,612/1052,M/V,Atg/Gtg,-1,Q05397,tolerated(0.1),benign(0.008),MODERATE
15,mutect2,BRCA,PTK2,chr8,140890617,140890617,+,Missense_Mutation,c.121C>T,p.His41Tyr,missense_variant,303/4405,121/3159,41/1052,H/Y,Cat/Tat,-1,Q05397,deleterious_low_confidence(0),possibly_damaging(0.907),MODERATE
16,mutect2,GBM,PTK2,chr8,140659431,140659431,+,3'UTR,c.*35T>C,NA,3_prime_UTR_variant,3376/4405,-/3159,-/1052,NA,NA,-1,Q05397,NA,NA,MODIFIER
17,mutect2,GBM,PTK2,chr8,140746790,140746790,+,Nonsense_Mutation,c.1488G>A,p.Trp496Ter,stop_gained,1670/4405,1488/3159,496/1052,W/*,tgG/tgA,-1,Q05397,NA,NA,HIGH
18,mutect2,GBM,PTK2,chr8,140735380,140735380,+,Missense_Mutation,c.1901G>A,p.Arg634Gln,missense_variant,2083/4405,1901/3159,634/1052,R/Q,cGa/cAa,-1,Q05397,deleterious(0.01),possibly_damaging(0.553),MODERATE
19,mutect2,GBM,PTK2,chr8,140764285,140764285,+,Missense_Mutation,c.1183G>T,p.Asp395Tyr,missense_variant,1365/4405,1183/3159,395/1052,D/Y,Gat/Tat,-1,Q05397,deleterious(0),probably_damaging(0.922),MODERATE
20,mutect2,GBM,PTK2,chr8,140675483,140675483,+,Missense_Mutation,c.2579T>G,p.Ile860Arg,missense_variant,2761/4405,2579/3159,860/1052,I/R,aTa/aGa,-1,Q05397,tolerated(0.12),possibly_damaging(0.713),MODERATE
21,mutect2,GBM,PTK2,chr8,140803554,140803554,+,Missense_Mutation,c.964G>T,p.Gly322Cys,missense_variant,1146/4405,964/3159,322/1052,G/C,Ggt/Tgt,-1,Q05397,deleterious(0),probably_damaging(0.963),MODERATE
22,mutect2,LUAD,PTK2,chr8,140764257,140764257,+,Missense_Mutation,c.1211A>G,p.Glu404Gly,missense_variant,1393/4405,1211/3159,404/1052,E/G,gAa/gGa,-1,Q05397,deleterious(0),possibly_damaging(0.78),MODERATE
23,mutect2,LUAD,PTK2,chr8,140700931,140700931,+,Missense_Mutation,c.2459A>T,p.Glu820Val,missense_variant,2641/4405,2459/3159,820/1052,E/V,gAa/gTa,-1,Q05397,deleterious(0),possibly_damaging(0.688),MODERATE
24,mutect2,LUAD,PTK2,chr8,140686661,140686661,+,Missense_Mutation,c.2533G>T,p.Asp845Tyr,missense_variant,2715/4405,2533/3159,845/1052,D/Y,Gac/Tac,-1,Q05397,deleterious(0.01),benign(0.192),MODERATE
25,mutect2,LUAD,PTK2,chr8,140752307,140752307,+,Missense_Mutation,c.1342G>A,p.Ala448Thr,missense_variant,1524/4405,1342/3159,448/1052,A/T,Gct/Act,-1,Q05397,tolerated(0.41),benign(0.009),MODERATE
26,mutect2,LUAD,PTK2,chr8,140744736,140744736,+,Missense_Mutation,c.1550G>T,p.Ser517Ile,missense_variant,1732/4405,1550/3159,517/1052,S/I,aGt/aTt,-1,Q05397,tolerated(0.07),possibly_damaging(0.576),MODERATE
27,mutect2,LUAD,PTK2,chr8,140659664,140659664,+,Silent,c.2961G>A,p.=,synonymous_variant,3143/4405,2961/3159,987/1052,Q,caG/caA,-1,Q05397,NA,NA,LOW
28,mutect2,LUAD,PTK2,chr8,140735333,140735333,+,Missense_Mutation,c.1948A>G,p.Thr650Ala,missense_variant,2130/4405,1948/3159,650/1052,T/A,Acc/Gcc,-1,Q05397,tolerated(0.25),benign(0.019),MODERATE
29,mutect2,LUAD,PTK2,chr8,140743293,140743293,+,Missense_Mutation,c.1672G>A,p.Asp558Asn,missense_variant,1854/4405,1672/3159,558/1052,D/N,Gat/Aat,-1,Q05397,tolerated(0.09),possibly_damaging(0.469),MODERATE
30,mutect2,LUAD,PTK2,chr8,140702647,140702647,+,Nonsense_Mutation,c.2290C>T,p.Gln764Ter,stop_gained,2472/4405,2290/3159,764/1052,Q/*,Cag/Tag,-1,Q05397,NA,NA,HIGH
31,mutect2,UCEC,PTK2,chr8,140659641,140659641,+,Missense_Mutation,c.2984G>T,p.Gly995Val,missense_variant,3166/4405,2984/3159,995/1052,G/V,gGt/gTt,-1,Q05397,tolerated(0.05),benign(0.04),MODERATE
32,mutect2,UCEC,PTK2,chr8,140890690,140890690,+,Silent,c.48G>A,p.=,synonymous_variant,230/4405,48/3159,16/1052,S,tcG/tcA,-1,Q05397,NA,NA,LOW
33,mutect2,UCEC,PTK2,chr8,140846303,140846303,+,Missense_Mutation,c.550C>T,p.Arg184Trp,missense_variant,732/4405,550/3159,184/1052,R/W,Cgg/Tgg,-1,Q05397,deleterious(0.02),possibly_damaging(0.816),MODERATE
34,mutect2,UCEC,PTK2,chr8,140658874,140658874,+,3'UTR,c.*592C>T,NA,3_prime_UTR_variant,3933/4405,-/3159,-/1052,NA,NA,-1,Q05397,NA,NA,MODIFIER
35,mutect2,UCEC,PTK2,chr8,140879561,140879561,+,Missense_Mutation,c.272G>A,p.Arg91Gln,missense_variant,454/4405,272/3159,91/1052,R/Q,cGg/cAg,-1,Q05397,tolerated(0.7),benign(0),MODERATE
36,mutect2,UCEC,PTK2,chr8,140846321,140846321,+,Nonsense_Mutation,c.532C>T,p.Arg178Ter,stop_gained;splice_region_variant,714/4405,532/3159,178/1052,R/*,Cga/Tga,-1,Q05397,NA,NA,HIGH
37,mutect2,UCEC,PTK2,chr8,140735381,140735381,+,Nonsense_Mutation,c.1900C>T,p.Arg634Ter,stop_gained,2082/4405,1900/3159,634/1052,R/*,Cga/Tga,-1,Q05397,NA,NA,HIGH
38,mutect2,UCEC,PTK2,chr8,140732643,140732643,+,Intron,c.2030+2608T>C,NA,intron_variant,-/4405,-/3159,-/1052,NA,NA,-1,Q05397,NA,NA,MODIFIER
39,mutect2,UCEC,PTK2,chr8,140890691,140890691,+,Missense_Mutation,c.47C>T,p.Ser16Leu,missense_variant,229/4405,47/3159,16/1052,S/L,tCg/tTg,-1,Q05397,tolerated_low_confidence(0.17),benign(0.008),MODERATE
40,mutect2,UCEC,PTK2,chr8,140706146,140706146,+,Silent,c.2202G>A,p.=,synonymous_variant,2384/4405,2202/3159,734/1052,Q,caG/caA,-1,Q05397,NA,NA,LOW
41,mutect2,UCEC,PTK2,chr8,140752306,140752306,+,Missense_Mutation,c.1343C>A,p.Ala448Asp,missense_variant,1525/4405,1343/3159,448/1052,A/D,gCt/gAt,-1,Q05397,tolerated(0.32),benign(0.011),MODERATE
42,mutect2,UCEC,PTK2,chr8,140686672,140686672,+,Missense_Mutation,c.2522G>A,p.Arg841Gln,missense_variant,2704/4405,2522/3159,841/1052,R/Q,cGa/cAa,-1,Q05397,tolerated(0.3),benign(0.003),MODERATE
43,mutect2,UCEC,PTK2,chr8,140702673,140702673,+,Missense_Mutation,c.2264C>T,p.Ala755Val,missense_variant,2446/4405,2264/3159,755/1052,A/V,gCc/gTc,-1,Q05397,tolerated(0.16),benign(0.021),MODERATE
44,mutect2,UCEC,PTK2,chr8,140659568,140659568,+,Missense_Mutation,c.3057A>C,p.Gln1019His,missense_variant,3239/4405,3057/3159,1019/1052,Q/H,caA/caC,-1,Q05397,tolerated(0.27),benign(0.005),MODERATE
45,mutect2,UCEC,PTK2,chr8,140675463,140675463,+,Missense_Mutation,c.2599C>T,p.Pro867Ser,missense_variant,2781/4405,2599/3159,867/1052,P/S,Cca/Tca,-1,Q05397,tolerated(0.07),benign(0.003),MODERATE
46,mutect2,UCEC,PTK2,chr8,140846627,140846627,+,Missense_Mutation,c.502G>A,p.Ala168Thr,missense_variant,684/4405,502/3159,168/1052,A/T,Gct/Act,-1,Q05397,deleterious(0.04),probably_damaging(0.98),MODERATE
47,mutect2,UCEC,PTK2,chr8,140664977,140664977,+,Missense_Mutation,c.2886G>T,p.Arg962Ser,missense_variant,3068/4405,2886/3159,962/1052,R/S,agG/agT,-1,Q05397,deleterious(0),probably_damaging(0.93),MODERATE
48,mutect2,UCEC,PTK2,chr8,140746852,140746852,+,Missense_Mutation,c.1426C>T,p.Arg476Cys,missense_variant,1608/4405,1426/3159,476/1052,R/C,Cgt/Tgt,-1,Q05397,deleterious(0),probably_damaging(0.981),MODERATE
49,mutect2,UCEC,PTK2,chr8,140752296,140752296,+,Silent,c.1353T>C,p.=,synonymous_variant,1535/4405,1353/3159,451/1052,V,gtT/gtC,-1,Q05397,NA,NA,LOW
50,mutect2,UCEC,PTK2,chr8,140764408,140764409,+,Intron,c.1178-119_1178-118insCCTCAATGTATACAGAAAATCCAAACAAGAATATTTAC,NA,intron_variant,-/4405,-/3159,-/1052,NA,NA,-1,Q05397,NA,NA,MODIFIER
51,mutect2,UCEC,PTK2,chr8,140659039,140659039,+,3'UTR,c.*427G>T,NA,3_prime_UTR_variant,3768/4405,-/3159,-/1052,NA,NA,-1,Q05397,NA,NA,MODIFIER
52,mutect2,UCEC,PTK2,chr8,140675432,140675432,+,Intron,c.2602+28G>T,NA,intron_variant,-/4405,-/3159,-/1052,NA,NA,-1,Q05397,NA,NA,MODIFIER
53,mutect2,UCEC,PTK2,chr8,140800487,140800487,+,Silent,c.1065G>A,p.=,synonymous_variant,1247/4405,1065/3159,355/1052,S,tcG/tcA,-1,Q05397,NA,NA,LOW
54,mutect2,UCEC,PTK2,chr8,140658562,140658562,+,3'UTR,c.*904G>T,NA,3_prime_UTR_variant,4245/4405,-/3159,-/1052,NA,NA,-1,Q05397,NA,NA,MODIFIER
55,mutect2,UCEC,PTK2,chr8,140658410,140658410,+,3'UTR,c.*1056A>G,NA,3_prime_UTR_variant,4397/4405,-/3159,-/1052,NA,NA,-1,Q05397,NA,NA,MODIFIER
56,mutect2,UCEC,PTK2,chr8,140664966,140664966,+,Missense_Mutation,c.2897C>T,p.Ala966Val,missense_variant,3079/4405,2897/3159,966/1052,A/V,gCc/gTc,-1,Q05397,deleterious(0),probably_damaging(0.973),MODERATE
57,mutect2,UCEC,PTK2,chr8,140890691,140890691,+,Missense_Mutation,c.47C>T,p.Ser16Leu,missense_variant,229/4405,47/3159,16/1052,S/L,tCg/tTg,-1,Q05397,tolerated_low_confidence(0.17),benign(0.008),MODERATE
58,mutect2,UCEC,PTK2,chr8,140735384,140735384,+,Missense_Mutation,c.1897G>A,p.Gly633Ser,missense_variant,2079/4405,1897/3159,633/1052,G/S,Ggt/Agt,-1,Q05397,tolerated(0.07),possibly_damaging(0.662),MODERATE
59,mutect2,UCEC,PTK2,chr8,140761204,140761204,+,Silent,c.1293C>T,p.=,synonymous_variant,1475/4405,1293/3159,431/1052,G,ggC/ggT,-1,Q05397,NA,NA,LOW
60,mutect2,UCEC,PTK2,chr8,140659013,140659013,+,3'UTR,c.*453T>G,NA,3_prime_UTR_variant,3794/4405,-/3159,-/1052,NA,NA,-1,Q05397,NA,NA,MODIFIER
61,mutect2,UCEC,PTK2,chr8,140830479,140830479,+,Missense_Mutation,c.641C>A,p.Ser214Tyr,missense_variant,823/4405,641/3159,214/1052,S/Y,tCt/tAt,-1,Q05397,deleterious(0),possibly_damaging(0.601),MODERATE
62,mutect2,UCEC,PTK2,chr8,140846616,140846616,+,Missense_Mutation,c.513G>T,p.Leu171Phe,missense_variant,695/4405,513/3159,171/1052,L/F,ttG/ttT,-1,Q05397,deleterious(0),probably_damaging(0.995),MODERATE
63,mutect2,UCEC,PTK2,chr8,140879623,140879623,+,Missense_Mutation,c.210G>T,p.Lys70Asn,missense_variant,392/4405,210/3159,70/1052,K/N,aaG/aaT,-1,Q05397,tolerated(0.18),possibly_damaging(0.78),MODERATE
64,mutect2,UCEC,PTK2,chr8,140659034,140659034,+,3'UTR,c.*432C>A,NA,3_prime_UTR_variant,3773/4405,-/3159,-/1052,NA,NA,-1,Q05397,NA,NA,MODIFIER
65,mutect2,UCEC,PTK2,chr8,140764232,140764232,+,Splice_Site,c.1234+2T>C,NA,splice_donor_variant,-/4405,1234/3159,412/1052,NA,NA,-1,Q05397,NA,NA,HIGH
66,mutect2,UCEC,PTK2,chr8,140762379,140762379,+,Intron,c.1235-1117G>C,NA,intron_variant,-/4405,-/3159,-/1052,NA,NA,-1,Q05397,NA,NA,MODIFIER
67,mutect2,UCEC,PTK2,chr8,140700936,140700936,+,Missense_Mutation,c.2454A>C,p.Glu818Asp,missense_variant,2636/4405,2454/3159,818/1052,E/D,gaA/gaC,-1,Q05397,tolerated(0.07),benign(0.056),MODERATE
68,mutect2,UCEC,PTK2,chr8,140890691,140890691,+,Missense_Mutation,c.47C>T,p.Ser16Leu,missense_variant,229/4405,47/3159,16/1052,S/L,tCg/tTg,-1,Q05397,tolerated_low_confidence(0.17),benign(0.008),MODERATE
69,mutect2,UCEC,PTK2,chr8,140744721,140744721,+,Missense_Mutation,c.1565C>A,p.Ser522Tyr,missense_variant,1747/4405,1565/3159,522/1052,S/Y,tCt/tAt,-1,Q05397,deleterious(0),possibly_damaging(0.836),MODERATE
70,mutect2,UCEC,PTK2,chr8,140701000,140701000,+,Missense_Mutation,c.2390G>A,p.Arg797Gln,missense_variant,2572/4405,2390/3159,797/1052,R/Q,cGa/cAa,-1,Q05397,tolerated(0.3),benign(0.006),MODERATE
71,mutect2,UCEC,PTK2,chr8,140732655,140732655,+,Intron,c.2030+2596C>T,NA,intron_variant,-/4405,-/3159,-/1052,NA,NA,-1,Q05397,NA,NA,MODIFIER
72,mutect2,UCEC,PTK2,chr8,140818953,140818953,+,Missense_Mutation,c.716G>T,p.Ser239Ile,missense_variant,898/4405,716/3159,239/1052,S/I,aGt/aTt,-1,Q05397,tolerated(0.08),benign(0.013),MODERATE
73,mutect2,UCEC,PTK2,chr8,140752266,140752266,+,Silent,c.1383G>A,p.=,synonymous_variant,1565/4405,1383/3159,461/1052,S,tcG/tcA,-1,Q05397,NA,NA,LOW
74,mutect2,UCEC,PTK2,chr8,140659034,140659034,+,3'UTR,c.*432C>T,NA,3_prime_UTR_variant,3773/4405,-/3159,-/1052,NA,NA,-1,Q05397,NA,NA,MODIFIER
75,mutect2,UCEC,PTK2,chr8,140890624,140890624,+,Missense_Mutation,c.114G>T,p.Lys38Asn,missense_variant,296/4405,114/3159,38/1052,K/N,aaG/aaT,-1,Q05397,deleterious(0.01),benign(0.199),MODERATE
76,mutect2,UCEC,PTK2,chr8,140668326,140668326,+,Silent,c.2808C>T,p.=,synonymous_variant,2990/4405,2808/3159,936/1052,I,atC/atT,-1,Q05397,NA,NA,LOW
77,mutect2,UCEC,PTK2,chr8,140890723,140890723,+,Nonsense_Mutation,c.15C>A,p.Tyr5Ter,stop_gained,197/4405,15/3159,5/1052,Y/*,taC/taA,-1,Q05397,NA,NA,HIGH
78,mutect2,UCEC,PTK2,chr8,140664957,140664957,+,Missense_Mutation,c.2906A>G,p.Asp969Gly,missense_variant,3088/4405,2906/3159,969/1052,D/G,gAt/gGt,-1,Q05397,deleterious(0),probably_damaging(0.986),MODERATE
79,mutect2,UCEC,PTK2,chr8,140746857,140746857,+,Missense_Mutation,c.1421C>T,p.Thr474Ile,missense_variant,1603/4405,1421/3159,474/1052,T/I,aCa/aTa,-1,Q05397,tolerated(0.83),possibly_damaging(0.82),MODERATE
80,mutect2,UCEC,PTK2,chr8,140658755,140658755,+,3'UTR,c.*711C>A,NA,3_prime_UTR_variant,4052/4405,-/3159,-/1052,NA,NA,-1,Q05397,NA,NA,MODIFIER
81,mutect2,UCEC,PTK2,chr8,140793375,140793375,+,Missense_Mutation,c.1103G>A,p.Arg368Gln,missense_variant,1285/4405,1103/3159,368/1052,R/Q,cGg/cAg,-1,Q05397,tolerated(0.07),benign(0.157),MODERATE
82,mutect2,UCEC,PTK2,chr8,140818900,140818900,+,Missense_Mutation,c.769T>C,p.Cys257Arg,missense_variant,951/4405,769/3159,257/1052,C/R,Tgc/Cgc,-1,Q05397,tolerated(0.41),benign(0.01),MODERATE
83,mutect2,UCEC,PTK2,chr8,140846657,140846657,+,Missense_Mutation,c.472G>A,p.Glu158Lys,missense_variant,654/4405,472/3159,158/1052,E/K,Gag/Aag,-1,Q05397,tolerated(0.3),benign(0.011),MODERATE
84,mutect2,UCEC,PTK2,chr8,140706174,140706174,+,Missense_Mutation,c.2174C>T,p.Ser725Phe,missense_variant,2356/4405,2174/3159,725/1052,S/F,tCc/tTc,-1,Q05397,deleterious(0.01),benign(0.096),MODERATE
85,mutect2,UCEC,PTK2,chr8,140879577,140879577,+,Missense_Mutation,c.256C>T,p.Arg86Cys,missense_variant,438/4405,256/3159,86/1052,R/C,Cgc/Tgc,-1,Q05397,deleterious(0),probably_damaging(0.994),MODERATE
86,mutect2,UCEC,PTK2,chr8,140739066,140739066,+,Missense_Mutation,c.1777T>C,p.Ser593Pro,missense_variant,1959/4405,1777/3159,593/1052,S/P,Tca/Cca,-1,Q05397,deleterious(0),probably_damaging(1),MODERATE
87,mutect2,UCEC,PTK2,chr8,140658741,140658741,+,3'UTR,c.*725A>G,NA,3_prime_UTR_variant,4066/4405,-/3159,-/1052,NA,NA,-1,Q05397,NA,NA,MODIFIER
88,mutect2,UCEC,PTK2,chr8,140659381,140659381,+,3'UTR,c.*85C>A,NA,3_prime_UTR_variant,3426/4405,-/3159,-/1052,NA,NA,-1,Q05397,NA,NA,MODIFIER
89,mutect2,UCEC,PTK2,chr8,140890590,140890590,+,Missense_Mutation,c.148A>T,p.Thr50Ser,missense_variant,330/4405,148/3159,50/1052,T/S,Acc/Tcc,-1,Q05397,tolerated(0.84),benign(0),MODERATE
90,mutect2,UCEC,PTK2,chr8,140675486,140675486,+,Missense_Mutation,c.2576A>G,p.His859Arg,missense_variant,2758/4405,2576/3159,859/1052,H/R,cAt/cGt,-1,Q05397,deleterious(0.03),probably_damaging(0.936),MODERATE
91,mutect2,UCEC,PTK2,chr8,140706129,140706129,+,Missense_Mutation,c.2219A>G,p.Asn740Ser,missense_variant,2401/4405,2219/3159,740/1052,N/S,aAt/aGt,-1,Q05397,tolerated(0.33),benign(0.007),MODERATE
92,mutect2,UCEC,PTK2,chr8,140717598,140717598,+,Missense_Mutation,c.2142G>T,p.Lys714Asn,missense_variant;splice_region_variant,2324/4405,2142/3159,714/1052,K/N,aaG/aaT,-1,Q05397,deleterious(0),benign(0.119),MODERATE
93,mutect2,UCEC,PTK2,chr8,140864378,140864378,+,Silent,c.384T>C,p.=,synonymous_variant,566/4405,384/3159,128/1052,Y,taT/taC,-1,Q05397,NA,NA,LOW
94,mutect2,UCEC,PTK2,chr8,140658898,140658899,+,3'UTR,c.*567dupA,NA,3_prime_UTR_variant,3908-3909/4405,-/3159,-/1052,NA,NA,-1,Q05397,NA,NA,MODIFIER
95,mutect2,UCEC,PTK2,chr8,140739085,140739085,+,Missense_Mutation,c.1758T>G,p.Ile586Met,missense_variant,1940/4405,1758/3159,586/1052,I/M,atT/atG,-1,Q05397,deleterious(0),probably_damaging(0.998),MODERATE
96,mutect2,UCEC,PTK2,chr8,140744749,140744750,+,Nonsense_Mutation,c.1536_1537insTAGTGTTTGT,p.Val513Ter,stop_gained;frameshift_variant,1718-1719/4405,1536-1537/3159,512-513/1052,-/*CLX,-/TAGTGTTTGT,-1,Q05397,NA,NA,HIGH
97,mutect2,UCEC,PTK2,chr8,140744751,140744751,+,Missense_Mutation,c.1535A>T,p.Gln512Leu,missense_variant,1717/4405,1535/3159,512/1052,Q/L,cAa/cTa,-1,Q05397,deleterious(0),probably_damaging(0.958),MODERATE
98,mutect2,UCEC,PTK2,chr8,140830506,140830506,+,Missense_Mutation,c.614G>A,p.Arg205Gln,missense_variant,796/4405,614/3159,205/1052,R/Q,cGa/cAa,-1,Q05397,deleterious(0.01),benign(0.311),MODERATE
99,mutect2,UCEC,PTK2,chr8,140735385,140735385,+,Silent,c.1896C>T,p.=,synonymous_variant,2078/4405,1896/3159,632/1052,I,atC/atT,-1,Q05397,NA,NA,LOW
100,mutect2,UCEC,PTK2,chr8,140818957,140818957,+,Nonsense_Mutation,c.712G>T,p.Glu238Ter,stop_gained,894/4405,712/3159,238/1052,E/*,Gaa/Taa,-1,Q05397,NA,NA,HIGH
101,mutect2,UCEC,PTK2,chr8,140800561,140800561,+,Missense_Mutation,c.991G>A,p.Ala331Thr,missense_variant,1173/4405,991/3159,331/1052,A/T,Gca/Aca,-1,Q05397,tolerated(1),benign(0.001),MODERATE
102,mutect2,UCEC,PTK2,chr8,140764337,140764337,+,Intron,c.1178-47G>A,NA,intron_variant,-/4405,-/3159,-/1052,NA,NA,-1,Q05397,NA,NA,MODIFIER
103,mutect2,UCEC,PTK2,chr8,140659401,140659401,+,3'UTR,c.*65C>T,NA,3_prime_UTR_variant,3406/4405,-/3159,-/1052,NA,NA,-1,Q05397,NA,NA,MODIFIER
104,mutect2,UCEC,PTK2,chr8,140701001,140701001,+,Nonsense_Mutation,c.2389C>T,p.Arg797Ter,stop_gained,2571/4405,2389/3159,797/1052,R/*,Cga/Tga,-1,Q05397,NA,NA,HIGH
105,mutect2,UCEC,PTK2,chr8,140664963,140664963,+,Missense_Mutation,c.2900C>A,p.Thr967Asn,missense_variant,3082/4405,2900/3159,967/1052,T/N,aCt/aAt,-1,Q05397,deleterious(0.04),benign(0.432),MODERATE
106,mutect2,UCEC,PTK2,chr8,140702584,140702584,+,Nonsense_Mutation,c.2353C>T,p.Gln785Ter,stop_gained,2535/4405,2353/3159,785/1052,Q/*,Cag/Tag,-1,Q05397,NA,NA,HIGH
107,mutect2,UCEC,PTK2,chr8,140818991,140818991,+,Missense_Mutation,c.678A>C,p.Gln226His,missense_variant,860/4405,678/3159,226/1052,Q/H,caA/caC,-1,Q05397,tolerated(0.08),benign(0.015),MODERATE
108,mutect2,KIRC,PTK2,chr8,140717652,140717652,+,Missense_Mutation,c.2088A>T,p.Arg696Ser,missense_variant,2270/4405,2088/3159,696/1052,R/S,agA/agT,-1,Q05397,deleterious(0.01),possibly_damaging(0.656),MODERATE
109,mutect2,KIRC,PTK2,chr8,140818339,140818339,+,Missense_Mutation,c.805T>G,p.Ser269Ala,missense_variant,987/4405,805/3159,269/1052,S/A,Tca/Gca,-1,Q05397,tolerated(0.41),benign(0.005),MODERATE
110,mutect2,KIRC,PTK2,chr8,140803618,140803619,+,Frame_Shift_Ins,c.899_900insCAATTCTAAAACATCCCTATTT,p.Gln300HisfsTer16,frameshift_variant,1081-1082/4405,899-900/3159,300/1052,Q/HNSKTSLFX,caa/caCAATTCTAAAACATCCCTATTTa,-1,Q05397,NA,NA,HIGH
111,mutect2,KIRC,PTK2,chr8,140702678,140702678,+,Silent,c.2259C>A,p.=,synonymous_variant,2441/4405,2259/3159,753/1052,I,atC/atA,-1,Q05397,NA,NA,LOW
112,mutect2,HNSC,PTK2,chr8,140890546,140890546,+,Silent,c.192C>G,p.=,synonymous_variant,374/4405,192/3159,64/1052,V,gtC/gtG,-1,Q05397,NA,NA,LOW
113,mutect2,HNSC,PTK2,chr8,140879522,140879522,+,Missense_Mutation,c.311T>C,p.Val104Ala,missense_variant,493/4405,311/3159,104/1052,V/A,gTc/gCc,-1,Q05397,deleterious(0.01),probably_damaging(0.912),MODERATE
114,mutect2,HNSC,PTK2,chr8,140864347,140864347,+,Missense_Mutation,c.415G>A,p.Glu139Lys,missense_variant,597/4405,415/3159,139/1052,E/K,Gaa/Aaa,-1,Q05397,tolerated(0.53),benign(0.002),MODERATE
115,mutect2,HNSC,PTK2,chr8,140675444,140675444,+,Intron,c.2602+16A>T,NA,intron_variant,-/4405,-/3159,-/1052,NA,NA,-1,Q05397,NA,NA,MODIFIER
116,mutect2,HNSC,PTK2,chr8,140717623,140717623,+,Missense_Mutation,c.2117G>T,p.Gly706Val,missense_variant,2299/4405,2117/3159,706/1052,G/V,gGa/gTa,-1,Q05397,deleterious(0.03),benign(0.387),MODERATE
117,mutect2,HNSC,PTK2,chr8,140890572,140890572,+,Missense_Mutation,c.166A>G,p.Ile56Val,missense_variant,348/4405,166/3159,56/1052,I/V,Atc/Gtc,-1,Q05397,tolerated(0.74),benign(0.028),MODERATE
118,mutect2,HNSC,PTK2,chr8,140700964,140700965,+,Nonsense_Mutation,c.2425_2426insCTAGGAGAACTGGGGATGAAGCTTAAGAGATACTCT,p.Glu809delinsAlaArgArgThrGlyAspGluAlaTerGluIleLeuTer,stop_gained;protein_altering_variant,2607-2608/4405,2425-2426/3159,809/1052,E/ARRTGDEA*EIL*,gaa/gCTAGGAGAACTGGGGATGAAGCTTAAGAGATACTCTaa,-1,Q05397,NA,NA,HIGH
119,mutect2,HNSC,PTK2,chr8,140890647,140890647,+,Missense_Mutation,c.91G>T,p.Gly31Cys,missense_variant,273/4405,91/3159,31/1052,G/C,Ggt/Tgt,-1,Q05397,deleterious_low_confidence(0.02),benign(0.003),MODERATE
120,mutect2,HNSC,PTK2,chr8,140818304,140818304,+,Missense_Mutation,c.840C>G,p.Ile280Met,missense_variant,1022/4405,840/3159,280/1052,I/M,atC/atG,-1,Q05397,deleterious(0),probably_damaging(0.926),MODERATE
121,mutect2,HNSC,PTK2,chr8,140864317,140864317,+,Nonsense_Mutation,c.445C>T,p.Gln149Ter,stop_gained,627/4405,445/3159,149/1052,Q/*,Caa/Taa,-1,Q05397,NA,NA,HIGH
122,mutect2,HNSC,PTK2,chr8,140668272,140668272,+,Silent,c.2862G>A,p.=,synonymous_variant,3044/4405,2862/3159,954/1052,V,gtG/gtA,-1,Q05397,NA,NA,LOW
123,mutect2,THCA,PTK2,chr8,140800528,140800529,+,Frame_Shift_Ins,c.1023_1024insTCATTTTTACA,p.Asp342SerfsTer6,frameshift_variant,1205-1206/4405,1023-1024/3159,341-342/1052,-/SFLX,-/TCATTTTTACA,-1,Q05397,NA,NA,HIGH
124,mutect2,LUSC,PTK2,chr8,140664919,140664919,+,Missense_Mutation,c.2944G>A,p.Glu982Lys,missense_variant;splice_region_variant,3126/4405,2944/3159,982/1052,E/K,Gag/Aag,-1,Q05397,deleterious(0),possibly_damaging(0.85),MODERATE
125,mutect2,LUSC,PTK2,chr8,140879598,140879598,+,Missense_Mutation,c.235C>T,p.His79Tyr,missense_variant,417/4405,235/3159,79/1052,H/Y,Cat/Tat,-1,Q05397,tolerated(1),benign(0),MODERATE
126,mutect2,LUSC,PTK2,chr8,140879599,140879599,+,Silent,c.234G>A,p.=,synonymous_variant,416/4405,234/3159,78/1052,K,aaG/aaA,-1,Q05397,NA,NA,LOW
127,mutect2,LUSC,PTK2,chr8,140702638,140702638,+,Missense_Mutation,c.2299C>T,p.Leu767Phe,missense_variant,2481/4405,2299/3159,767/1052,L/F,Ctt/Ttt,-1,Q05397,tolerated(0.18),benign(0.068),MODERATE
128,mutect2,LUSC,PTK2,chr8,140668302,140668302,+,Silent,c.2832A>T,p.=,synonymous_variant,3014/4405,2832/3159,944/1052,P,ccA/ccT,-1,Q05397,NA,NA,LOW
129,mutect2,LUSC,PTK2,chr8,140818879,140818879,+,Splice_Site,c.789+1G>T,NA,splice_donor_variant,-/4405,789/3159,263/1052,NA,NA,-1,Q05397,NA,NA,HIGH
130,mutect2,LUSC,PTK2,chr8,140789502,140789502,+,Silent,c.1149C>A,p.=,synonymous_variant,1331/4405,1149/3159,383/1052,G,ggC/ggA,-1,Q05397,NA,NA,LOW
131,mutect2,LUSC,PTK2,chr8,140668381,140668381,+,Missense_Mutation,c.2753A>G,p.Asp918Gly,missense_variant,2935/4405,2753/3159,918/1052,D/G,gAc/gGc,-1,Q05397,deleterious(0.01),probably_damaging(0.998),MODERATE
132,mutect2,LUSC,PTK2,chr8,140761191,140761191,+,Missense_Mutation,c.1306G>A,p.Val436Ile,missense_variant,1488/4405,1306/3159,436/1052,V/I,Gta/Ata,-1,Q05397,deleterious(0),probably_damaging(0.999),MODERATE
133,mutect2,LUSC,PTK2,chr8,140879633,140879633,+,Missense_Mutation,c.200T>C,p.Ile67Thr,missense_variant,382/4405,200/3159,67/1052,I/T,aTc/aCc,-1,Q05397,deleterious(0),probably_damaging(0.926),MODERATE
134,mutect2,LUSC,PTK2,chr8,140706173,140706173,+,Silent,c.2175C>T,p.=,synonymous_variant,2357/4405,2175/3159,725/1052,S,tcC/tcT,-1,Q05397,NA,NA,LOW
135,mutect2,LUSC,PTK2,chr8,140751984,140751984,+,Intron,c.1417+248A>G,NA,intron_variant,-/4405,-/3159,-/1052,NA,NA,-1,Q05397,NA,NA,MODIFIER
136,mutect2,LUSC,PTK2,chr8,140818892,140818892,+,Missense_Mutation,c.777G>T,p.Lys259Asn,missense_variant,959/4405,777/3159,259/1052,K/N,aaG/aaT,-1,Q05397,tolerated(0.11),benign(0.019),MODERATE
137,mutect2,LUSC,PTK2,chr8,140735339,140735339,+,Missense_Mutation,c.1942C>T,p.Pro648Ser,missense_variant,2124/4405,1942/3159,648/1052,P/S,Cct/Tct,-1,Q05397,deleterious(0),probably_damaging(0.993),MODERATE
138,mutect2,PRAD,PTK2,chr8,140717672,140717672,+,Missense_Mutation,c.2068C>T,p.Arg690Cys,missense_variant,2250/4405,2068/3159,690/1052,R/C,Cgc/Tgc,-1,Q05397,tolerated(0.09),benign(0.045),MODERATE
139,mutect2,PRAD,PTK2,chr8,140735336,140735336,+,Missense_Mutation,c.1945C>T,p.Pro649Ser,missense_variant,2127/4405,1945/3159,649/1052,P/S,Cct/Tct,-1,Q05397,deleterious(0),probably_damaging(0.927),MODERATE
140,mutect2,PRAD,PTK2,chr8,140744713,140744713,+,Silent,c.1573C>T,p.=,synonymous_variant,1755/4405,1573/3159,525/1052,L,Ctg/Ttg,-1,Q05397,NA,NA,LOW
141,mutect2,PRAD,PTK2,chr8,140769575,140769575,+,Intron,c.1178-5285G>A,NA,intron_variant,-/4405,-/3159,-/1052,NA,NA,-1,Q05397,NA,NA,MODIFIER
142,mutect2,PRAD,PTK2,chr8,140846670,140846670,+,Silent,c.459C>T,p.=,synonymous_variant,641/4405,459/3159,153/1052,S,agC/agT,-1,Q05397,NA,NA,LOW
143,mutect2,COAD,PTK2,chr8,140879631,140879631,+,Missense_Mutation,c.202A>G,p.Ile68Val,missense_variant,384/4405,202/3159,68/1052,I/V,Att/Gtt,-1,Q05397,tolerated(0.09),benign(0.389),MODERATE
144,mutect2,COAD,PTK2,chr8,140879523,140879523,+,Missense_Mutation,c.310G>A,p.Val104Ile,missense_variant,492/4405,310/3159,104/1052,V/I,Gtc/Atc,-1,Q05397,tolerated(0.11),benign(0.173),MODERATE
145,mutect2,COAD,PTK2,chr8,140800487,140800487,+,Silent,c.1065G>A,p.=,synonymous_variant,1247/4405,1065/3159,355/1052,S,tcG/tcA,-1,Q05397,NA,NA,LOW
146,mutect2,COAD,PTK2,chr8,140668399,140668399,+,Frame_Shift_Del,c.2735delC,p.Pro912LeufsTer17,frameshift_variant,2917/4405,2735/3159,912/1052,P/X,cCt/ct,-1,Q05397,NA,NA,HIGH
147,mutect2,COAD,PTK2,chr8,140735384,140735384,+,Missense_Mutation,c.1897G>A,p.Gly633Ser,missense_variant,2079/4405,1897/3159,633/1052,G/S,Ggt/Agt,-1,Q05397,tolerated(0.07),possibly_damaging(0.662),MODERATE
148,mutect2,COAD,PTK2,chr8,140702673,140702673,+,Missense_Mutation,c.2264C>T,p.Ala755Val,missense_variant,2446/4405,2264/3159,755/1052,A/V,gCc/gTc,-1,Q05397,tolerated(0.16),benign(0.021),MODERATE
149,mutect2,COAD,PTK2,chr8,140668404,140668404,+,Silent,c.2730C>T,p.=,synonymous_variant,2912/4405,2730/3159,910/1052,S,agC/agT,-1,Q05397,NA,NA,LOW
150,mutect2,COAD,PTK2,chr8,140706128,140706128,+,Missense_Mutation,c.2220T>G,p.Asn740Lys,missense_variant,2402/4405,2220/3159,740/1052,N/K,aaT/aaG,-1,Q05397,tolerated(0.09),benign(0.045),MODERATE
151,mutect2,COAD,PTK2,chr8,140706130,140706130,+,Missense_Mutation,c.2218A>G,p.Asn740Asp,missense_variant,2400/4405,2218/3159,740/1052,N/D,Aat/Gat,-1,Q05397,tolerated(0.06),benign(0.084),MODERATE
152,mutect2,COAD,PTK2,chr8,140761221,140761221,+,Nonsense_Mutation,c.1276C>T,p.Arg426Ter,stop_gained,1458/4405,1276/3159,426/1052,R/*,Cga/Tga,-1,Q05397,NA,NA,HIGH
153,mutect2,COAD,PTK2,chr8,140668399,140668399,+,Frame_Shift_Del,c.2735delC,p.Pro912LeufsTer17,frameshift_variant,2917/4405,2735/3159,912/1052,P/X,cCt/ct,-1,Q05397,NA,NA,HIGH
154,mutect2,COAD,PTK2,chr8,140659479,140659479,+,Missense_Mutation,c.3146C>T,p.Thr1049Met,missense_variant,3328/4405,3146/3159,1049/1052,T/M,aCg/aTg,-1,Q05397,deleterious_low_confidence(0.02),possibly_damaging(0.475),MODERATE
155,mutect2,COAD,PTK2,chr8,140700919,140700919,+,Missense_Mutation,c.2471G>A,p.Arg824His,missense_variant,2653/4405,2471/3159,824/1052,R/H,cGc/cAc,-1,Q05397,deleterious(0.01),probably_damaging(0.943),MODERATE
156,mutect2,COAD,PTK2,chr8,140732583,140732583,+,Intron,c.2030+2668G>T,NA,intron_variant,-/4405,-/3159,-/1052,NA,NA,-1,Q05397,NA,NA,MODIFIER
157,mutect2,COAD,PTK2,chr8,140659449,140659449,+,3'UTR,c.*17C>T,NA,3_prime_UTR_variant,3358/4405,-/3159,-/1052,NA,NA,-1,Q05397,NA,NA,MODIFIER
158,mutect2,COAD,PTK2,chr8,140735284,140735284,+,Missense_Mutation,c.1997G>A,p.Arg666Gln,missense_variant,2179/4405,1997/3159,666/1052,R/Q,cGg/cAg,-1,Q05397,deleterious(0),probably_damaging(0.999),MODERATE
159,mutect2,COAD,PTK2,chr8,140700918,140700918,+,Silent,c.2472C>T,p.=,synonymous_variant,2654/4405,2472/3159,824/1052,R,cgC/cgT,-1,Q05397,NA,NA,LOW
160,mutect2,COAD,PTK2,chr8,140700945,140700945,+,Silent,c.2445G>A,p.=,synonymous_variant,2627/4405,2445/3159,815/1052,Q,caG/caA,-1,Q05397,NA,NA,LOW
161,mutect2,COAD,PTK2,chr8,140830519,140830519,+,Missense_Mutation,c.601G>A,p.Val201Ile,missense_variant,783/4405,601/3159,201/1052,V/I,Gtt/Att,-1,Q05397,tolerated(0.34),benign(0.031),MODERATE
162,mutect2,COAD,PTK2,chr8,140890752,140890752,+,5'UTR,c.-15G>A,NA,5_prime_UTR_variant,168/4405,-/3159,-/1052,NA,NA,-1,Q05397,NA,NA,MODIFIER
163,mutect2,COAD,PTK2,chr8,140700992,140700992,+,Missense_Mutation,c.2398G>T,p.Gly800Trp,missense_variant,2580/4405,2398/3159,800/1052,G/W,Ggg/Tgg,-1,Q05397,deleterious(0.01),benign(0.379),MODERATE
164,mutect2,COAD,PTK2,chr8,140818887,140818887,+,Missense_Mutation,c.782C>T,p.Ala261Val,missense_variant,964/4405,782/3159,261/1052,A/V,gCt/gTt,-1,Q05397,deleterious(0.01),benign(0.137),MODERATE
165,mutect2,COAD,PTK2,chr8,140864383,140864383,+,Missense_Mutation,c.379C>T,p.Arg127Cys,missense_variant,561/4405,379/3159,127/1052,R/C,Cgt/Tgt,-1,Q05397,deleterious(0),probably_damaging(0.999),MODERATE
166,mutect2,COAD,PTK2,chr8,140864312,140864312,+,Missense_Mutation,c.450G>T,p.Gln150His,missense_variant;splice_region_variant,632/4405,450/3159,150/1052,Q/H,caG/caT,-1,Q05397,deleterious(0),probably_damaging(1),MODERATE
167,mutect2,COAD,PTK2,chr8,140700959,140700959,+,Missense_Mutation,c.2431C>T,p.Arg811Cys,missense_variant,2613/4405,2431/3159,811/1052,R/C,Cgt/Tgt,-1,Q05397,deleterious(0),possibly_damaging(0.586),MODERATE
168,mutect2,COAD,PTK2,chr8,140890734,140890734,+,Missense_Mutation,c.4G>A,p.Ala2Thr,missense_variant,186/4405,4/3159,2/1052,A/T,Gca/Aca,-1,Q05397,deleterious_low_confidence(0.01),possibly_damaging(0.459),MODERATE
169,mutect2,COAD,PTK2,chr8,140686695,140686695,+,Splice_Site,c.2500-1G>T,NA,splice_acceptor_variant,-/4405,2500/3159,834/1052,NA,NA,-1,Q05397,NA,NA,HIGH
170,mutect2,COAD,PTK2,chr8,140717679,140717679,+,Silent,c.2061A>G,p.=,synonymous_variant,2243/4405,2061/3159,687/1052,Q,caA/caG,-1,Q05397,NA,NA,LOW
171,mutect2,STAD,PTK2,chr8,140735326,140735326,+,Missense_Mutation,c.1955A>G,p.Tyr652Cys,missense_variant,2137/4405,1955/3159,652/1052,Y/C,tAc/tGc,-1,Q05397,deleterious(0),probably_damaging(0.999),MODERATE
172,mutect2,STAD,PTK2,chr8,140879577,140879577,+,Missense_Mutation,c.256C>T,p.Arg86Cys,missense_variant,438/4405,256/3159,86/1052,R/C,Cgc/Tgc,-1,Q05397,deleterious(0),probably_damaging(0.994),MODERATE
173,mutect2,STAD,PTK2,chr8,140743260,140743260,+,Nonsense_Mutation,c.1705C>T,p.Arg569Ter,stop_gained,1887/4405,1705/3159,569/1052,R/*,Cga/Tga,-1,Q05397,NA,NA,HIGH
174,mutect2,STAD,PTK2,chr8,140739054,140739054,+,Nonsense_Mutation,c.1789C>T,p.Arg597Ter,stop_gained,1971/4405,1789/3159,597/1052,R/*,Cga/Tga,-1,Q05397,NA,NA,HIGH
175,mutect2,STAD,PTK2,chr8,140717703,140717703,+,Silent,c.2037C>T,p.=,synonymous_variant,2219/4405,2037/3159,679/1052,I,atC/atT,-1,Q05397,NA,NA,LOW
176,mutect2,STAD,PTK2,chr8,140735313,140735313,+,Silent,c.1968G>A,p.=,synonymous_variant,2150/4405,1968/3159,656/1052,T,acG/acA,-1,Q05397,NA,NA,LOW
177,mutect2,STAD,PTK2,chr8,140735392,140735392,+,Missense_Mutation,c.1889A>G,p.Asp630Gly,missense_variant,2071/4405,1889/3159,630/1052,D/G,gAt/gGt,-1,Q05397,deleterious(0),probably_damaging(0.987),MODERATE
178,mutect2,STAD,PTK2,chr8,140761163,140761163,+,Splice_Site,c.1332+2T>C,NA,splice_donor_variant,-/4405,1332/3159,444/1052,NA,NA,-1,Q05397,NA,NA,HIGH
179,mutect2,STAD,PTK2,chr8,140752300,140752300,+,Missense_Mutation,c.1349C>T,p.Ala450Val,missense_variant,1531/4405,1349/3159,450/1052,A/V,gCg/gTg,-1,Q05397,tolerated(0.15),benign(0.181),MODERATE
180,mutect2,STAD,PTK2,chr8,140668326,140668326,+,Silent,c.2808C>T,p.=,synonymous_variant,2990/4405,2808/3159,936/1052,I,atC/atT,-1,Q05397,NA,NA,LOW
181,mutect2,STAD,PTK2,chr8,140717604,140717604,+,Silent,c.2136G>A,p.=,synonymous_variant,2318/4405,2136/3159,712/1052,P,ccG/ccA,-1,Q05397,NA,NA,LOW
182,mutect2,STAD,PTK2,chr8,140735248,140735248,+,Splice_Region,c.2030+3A>G,NA,splice_region_variant;intron_variant,-/4405,-/3159,-/1052,NA,NA,-1,Q05397,NA,NA,LOW
183,mutect2,STAD,PTK2,chr8,140702687,140702687,+,Silent,c.2250A>G,p.=,synonymous_variant,2432/4405,2250/3159,750/1052,S,tcA/tcG,-1,Q05397,NA,NA,LOW
184,mutect2,STAD,PTK2,chr8,140803560,140803560,+,Frame_Shift_Del,c.958delA,p.Ile320Ter,frameshift_variant,1140/4405,958/3159,320/1052,I/X,Ata/ta,-1,Q05397,NA,NA,HIGH
185,mutect2,STAD,PTK2,chr8,140818321,140818321,+,Missense_Mutation,c.823G>T,p.Gly275Cys,missense_variant,1005/4405,823/3159,275/1052,G/C,Ggc/Tgc,-1,Q05397,deleterious(0),probably_damaging(0.996),MODERATE
186,mutect2,STAD,PTK2,chr8,140735266,140735266,+,Missense_Mutation,c.2015T>C,p.Leu672Pro,missense_variant,2197/4405,2015/3159,672/1052,L/P,cTt/cCt,-1,Q05397,deleterious(0),probably_damaging(0.997),MODERATE
187,mutect2,STAD,PTK2,chr8,140793374,140793374,+,Silent,c.1104G>T,p.=,synonymous_variant,1286/4405,1104/3159,368/1052,R,cgG/cgT,-1,Q05397,NA,NA,LOW
188,mutect2,STAD,PTK2,chr8,140890608,140890609,+,Frame_Shift_Ins,c.129dupT,p.Glu44Ter,frameshift_variant,311-312/4405,129-130/3159,43-44/1052,-/X,-/T,-1,Q05397,NA,NA,HIGH
189,mutect2,STAD,PTK2,chr8,140700920,140700920,+,Missense_Mutation,c.2470C>T,p.Arg824Cys,missense_variant,2652/4405,2470/3159,824/1052,R/C,Cgc/Tgc,-1,Q05397,deleterious(0),probably_damaging(0.943),MODERATE
190,mutect2,BLCA,PTK2,chr8,140702611,140702611,+,Missense_Mutation,c.2326C>G,p.His776Asp,missense_variant,2508/4405,2326/3159,776/1052,H/D,Cat/Gat,-1,Q05397,tolerated(0.07),benign(0.155),MODERATE
191,mutect2,BLCA,PTK2,chr8,140735411,140735411,+,Missense_Mutation,c.1870C>G,p.Gln624Glu,missense_variant,2052/4405,1870/3159,624/1052,Q/E,Caa/Gaa,-1,Q05397,deleterious(0),probably_damaging(0.927),MODERATE
192,mutect2,BLCA,PTK2,chr8,140668374,140668374,+,Silent,c.2760G>A,p.=,synonymous_variant,2942/4405,2760/3159,920/1052,S,tcG/tcA,-1,Q05397,NA,NA,LOW
193,mutect2,BLCA,PTK2,chr8,140744682,140744682,+,Missense_Mutation,c.1604C>T,p.Ala535Val,missense_variant,1786/4405,1604/3159,535/1052,A/V,gCa/gTa,-1,Q05397,tolerated(0.07),possibly_damaging(0.842),MODERATE
194,mutect2,BLCA,PTK2,chr8,140746802,140746802,+,Missense_Mutation,c.1476G>T,p.Glu492Asp,missense_variant,1658/4405,1476/3159,492/1052,E/D,gaG/gaT,-1,Q05397,tolerated(0.17),benign(0.002),MODERATE
195,mutect2,BLCA,PTK2,chr8,140701000,140701000,+,Missense_Mutation,c.2390G>T,p.Arg797Leu,missense_variant,2572/4405,2390/3159,797/1052,R/L,cGa/cTa,-1,Q05397,tolerated(0.09),benign(0.165),MODERATE
196,mutect2,BLCA,PTK2,chr8,140732569,140732569,+,Intron,c.2030+2682C>T,NA,intron_variant,-/4405,-/3159,-/1052,NA,NA,-1,Q05397,NA,NA,MODIFIER
197,mutect2,BLCA,PTK2,chr8,140764320,140764320,+,Intron,c.1178-30C>A,NA,intron_variant,-/4405,-/3159,-/1052,NA,NA,-1,Q05397,NA,NA,MODIFIER
198,mutect2,BLCA,PTK2,chr8,140675482,140675482,+,Missense_Mutation,c.2580A>G,p.Ile860Met,missense_variant,2762/4405,2580/3159,860/1052,I/M,atA/atG,-1,Q05397,deleterious(0.05),possibly_damaging(0.643),MODERATE
199,mutect2,BLCA,PTK2,chr8,140764261,140764261,+,Missense_Mutation,c.1207G>A,p.Glu403Lys,missense_variant,1389/4405,1207/3159,403/1052,E/K,Gaa/Aaa,-1,Q05397,deleterious(0.01),probably_damaging(0.917),MODERATE
200,mutect2,BLCA,PTK2,chr8,140800565,140800565,+,Silent,c.987G>T,p.=,synonymous_variant,1169/4405,987/3159,329/1052,V,gtG/gtT,-1,Q05397,NA,NA,LOW
201,mutect2,BLCA,PTK2,chr8,140659584,140659610,+,In_Frame_Del,c.3015_3041delGCAGTATGTCATGACCAGCCTCCAGCA,p.Gln1006_Gln1014del,inframe_deletion,3197-3223/4405,3015-3041/3159,1005-1014/1052,QQYVMTSLQQ/Q,caGCAGTATGTCATGACCAGCCTCCAGCAa/caa,-1,Q05397,NA,NA,MODERATE
202,mutect2,BLCA,PTK2,chr8,140764349,140764349,+,Intron,c.1178-59G>A,NA,intron_variant,-/4405,-/3159,-/1052,NA,NA,-1,Q05397,NA,NA,MODIFIER
203,mutect2,BLCA,PTK2,chr8,140864362,140864362,+,Missense_Mutation,c.400C>G,p.Leu134Val,missense_variant,582/4405,400/3159,134/1052,L/V,Cta/Gta,-1,Q05397,tolerated(0.32),benign(0.001),MODERATE
204,mutect2,BLCA,PTK2,chr8,140764308,140764308,+,Intron,c.1178-18C>T,NA,intron_variant,-/4405,-/3159,-/1052,NA,NA,-1,Q05397,NA,NA,MODIFIER
205,mutect2,LIHC,PTK2,chr8,140879529,140879529,+,Missense_Mutation,c.304A>G,p.Met102Val,missense_variant,486/4405,304/3159,102/1052,M/V,Atg/Gtg,-1,Q05397,tolerated(0.26),benign(0.002),MODERATE
206,mutect2,LIHC,PTK2,chr8,140706167,140706167,+,Silent,c.2181A>G,p.=,synonymous_variant,2363/4405,2181/3159,727/1052,E,gaA/gaG,-1,Q05397,NA,NA,LOW
207,mutect2,LIHC,PTK2,chr8,140668324,140668324,+,Missense_Mutation,c.2810A>C,p.Glu937Ala,missense_variant,2992/4405,2810/3159,937/1052,E/A,gAg/gCg,-1,Q05397,tolerated(0.34),benign(0.326),MODERATE
208,mutect2,LIHC,PTK2,chr8,140746788,140746788,+,Missense_Mutation,c.1490T>C,p.Ile497Thr,missense_variant,1672/4405,1490/3159,497/1052,I/T,aTa/aCa,-1,Q05397,deleterious(0),probably_damaging(0.998),MODERATE
209,mutect2,LIHC,PTK2,chr8,140674317,140674317,+,Missense_Mutation,c.2690G>A,p.Ser897Asn,missense_variant,2872/4405,2690/3159,897/1052,S/N,aGc/aAc,-1,Q05397,tolerated(0.07),benign(0.091),MODERATE
210,mutect2,LIHC,PTK2,chr8,140735395,140735395,+,Missense_Mutation,c.1886A>G,p.Asn629Ser,missense_variant,2068/4405,1886/3159,629/1052,N/S,aAt/aGt,-1,Q05397,tolerated(0.09),benign(0.21),MODERATE
211,mutect2,LIHC,PTK2,chr8,140864357,140864357,+,Missense_Mutation,c.405C>G,p.Asn135Lys,missense_variant,587/4405,405/3159,135/1052,N/K,aaC/aaG,-1,Q05397,tolerated(0.18),benign(0.011),MODERATE
212,mutect2,KIRP,PTK2,chr8,140675460,140675460,+,Missense_Mutation,c.2602G>A,p.Asp868Asn,missense_variant;splice_region_variant,2784/4405,2602/3159,868/1052,D/N,Gat/Aat,-1,Q05397,tolerated(0.29),benign(0.142),MODERATE
213,mutect2,KIRP,PTK2,chr8,140735283,140735283,+,Silent,c.1998G>A,p.=,synonymous_variant,2180/4405,1998/3159,666/1052,R,cgG/cgA,-1,Q05397,NA,NA,LOW
214,mutect2,KIRP,PTK2,chr8,140659657,140659657,+,Silent,c.2968T>C,p.=,synonymous_variant,3150/4405,2968/3159,990/1052,L,Ttg/Ctg,-1,Q05397,NA,NA,LOW
215,mutect2,ESCA,PTK2,chr8,140789523,140789523,+,Silent,c.1128G>A,p.=,synonymous_variant,1310/4405,1128/3159,376/1052,L,ttG/ttA,-1,Q05397,NA,NA,LOW
216,mutect2,ESCA,PTK2,chr8,140800507,140800507,+,Missense_Mutation,c.1045C>T,p.Arg349Trp,missense_variant,1227/4405,1045/3159,349/1052,R/W,Cgg/Tgg,-1,Q05397,deleterious(0),probably_damaging(0.999),MODERATE
217,mutect2,ESCA,PTK2,chr8,140735381,140735381,+,Nonsense_Mutation,c.1900C>T,p.Arg634Ter,stop_gained,2082/4405,1900/3159,634/1052,R/*,Cga/Tga,-1,Q05397,NA,NA,HIGH
218,mutect2,READ,PTK2,chr8,140761189,140761189,+,Silent,c.1308A>G,p.=,synonymous_variant,1490/4405,1308/3159,436/1052,V,gtA/gtG,-1,Q05397,NA,NA,LOW
219,mutect2,READ,PTK2,chr8,140818940,140818940,+,Missense_Mutation,c.729C>A,p.Phe243Leu,missense_variant,911/4405,729/3159,243/1052,F/L,ttC/ttA,-1,Q05397,deleterious(0.03),possibly_damaging(0.838),MODERATE
220,mutect2,READ,PTK2,chr8,140864388,140864388,+,Missense_Mutation,c.374G>A,p.Arg125Lys,missense_variant,556/4405,374/3159,125/1052,R/K,aGa/aAa,-1,Q05397,deleterious(0),possibly_damaging(0.73),MODERATE
221,mutect2,READ,PTK2,chr8,140846306,140846307,+,In_Frame_Ins,c.546_547insCCA,p.Glu182_Met183insPro,inframe_insertion,728-729/4405,546-547/3159,182-183/1052,-/P,-/CCA,-1,Q05397,NA,NA,MODERATE
222,mutect2,READ,PTK2,chr8,140879561,140879561,+,Missense_Mutation,c.272G>A,p.Arg91Gln,missense_variant,454/4405,272/3159,91/1052,R/Q,cGg/cAg,-1,Q05397,tolerated(0.7),benign(0),MODERATE
223,mutect2,CHOL,PTK2,chr8,140659528,140659528,+,Missense_Mutation,c.3097A>C,p.Asn1033His,missense_variant,3279/4405,3097/3159,1033/1052,N/H,Aac/Cac,-1,Q05397,deleterious(0),probably_damaging(0.999),MODERATE
