N,Node1,Node2,OutValue1,OutValue2,Freq,Force,IsNode1Hub?,IsNode2Hub?,Clust,Comm
1,A:A:L37,A:A:R108,0,0,100,7.29,No,No,1,0
2,A:A:L37,A:A:Y122,0,0,100,8.21,No,No,1,0
3,A:A:F40,A:A:K38,0,0,100,6.2,No,No,1,9
4,A:A:A53,A:A:K38,0,0,100,4.82,No,No,1,9
5,A:A:I71,A:A:V39,0,0,100,4.61,No,No,1,0
6,A:A:F85,A:A:V39,0,0,100,11.8,Yes,No,1,0
7,A:A:A53,A:A:F40,0,0,100,4.16,No,No,1,9
8,A:A:F40,A:A:K121,0,0,100,11.17,No,No,1,0
9,A:A:F43,A:A:H41,0,0,100,10.18,Yes,No,1,0
10,A:A:H41,A:A:S54,0,0,100,6.97,No,No,1,0
11,A:A:E123,A:A:Y42,0,0,100,4.49,Yes,Yes,1,1
12,A:A:R125,A:A:Y42,0,0,100,5.14,Yes,Yes,1,1
13,A:A:F146,A:A:Y42,0,0,100,15.47,Yes,Yes,1,1
14,A:A:Q150,A:A:Y42,0,0,100,7.89,No,Yes,1,1
15,A:A:S153,A:A:Y42,0,0,100,5.09,No,Yes,1,0
16,A:A:F43,A:A:H75,0,0,100,35.07,Yes,No,1,0
17,A:A:F43,A:A:Y83,0,0,100,4.13,Yes,Yes,1,1
18,A:A:F146,A:A:F43,0,0,100,18.22,Yes,Yes,1,1
19,A:A:E44,A:A:W52,0,0,100,4.36,No,Yes,1,3
20,A:A:E44,A:A:Q149,0,0,100,11.47,No,Yes,1,3
21,A:A:E44,A:A:R178,0,0,100,10.47,No,Yes,1,3
22,A:A:S45,A:A:S47,0,0,100,4.89,No,Yes,1,3
23,A:A:S45,A:A:W52,0,0,100,8.65,No,Yes,1,3
24,A:A:S47,A:A:T51,0,0,100,4.8,Yes,No,1,0
25,A:A:S47,A:A:W52,0,0,100,4.94,Yes,Yes,1,3
26,A:A:S47,A:A:Y570,0,0,100,3.82,Yes,No,1,0
27,A:A:E48,A:A:P49,0,0,100,4.72,No,No,1,0
28,A:A:E48,A:A:R205,0,0,100,12.79,No,No,1,0
29,A:A:P49,A:A:W52,0,0,100,8.11,No,Yes,1,0
30,A:A:Q149,A:A:W52,0,0,100,8.76,Yes,Yes,1,3
31,A:A:I401,A:A:I55,0,0,100,4.42,No,No,1,0
32,A:A:I56,A:A:I71,0,0,100,4.42,No,No,1,0
33,A:A:R57,A:A:Y397,0,0,100,10.29,No,No,1,0
34,A:A:H58,A:A:T62,0,0,100,6.85,No,No,1,0
35,A:A:H58,A:A:V104,0,0,100,13.84,No,No,1,0
36,A:A:H58,A:A:S105,0,0,100,4.18,No,No,1,0
37,A:A:D63,A:A:R65,0,0,100,7.15,No,No,1,0
38,A:A:F85,A:A:V64,0,0,100,6.55,Yes,No,1,0
39,A:A:R65,A:A:V100,0,0,100,14.38,No,No,1,0
40,A:A:D101,A:A:R65,0,0,100,5.96,No,No,1,0
41,A:A:F85,A:A:I67,0,0,100,3.77,Yes,No,1,0
42,A:A:I68,A:A:L124,0,0,100,5.71,No,No,1,0
43,A:A:D73,A:A:Q69,0,0,100,7.83,No,No,1,0
44,A:A:V72,A:A:V77,0,0,100,8.02,No,No,1,1
45,A:A:V72,A:A:V80,0,0,100,6.41,No,No,1,0
46,A:A:V72,A:A:Y83,0,0,100,7.57,No,Yes,1,1
47,A:A:V77,A:A:Y83,0,0,100,3.79,No,Yes,1,1
48,A:A:T143,A:A:V77,0,0,100,4.76,Yes,No,1,1
49,A:A:D140,A:A:K78,0,0,100,13.83,Yes,No,1,0
50,A:A:H79,A:A:Q136,0,0,100,16.07,No,No,1,0
51,A:A:F137,A:A:H79,0,0,100,6.79,Yes,No,1,0
52,A:A:D140,A:A:H79,0,0,100,10.08,Yes,No,1,0
53,A:A:C82,A:A:P130,0,0,100,3.77,No,No,1,1
54,A:A:C82,A:A:F137,0,0,100,4.19,No,Yes,1,1
55,A:A:L124,A:A:Y83,0,0,100,4.69,No,Yes,1,1
56,A:A:I126,A:A:Y83,0,0,100,13.3,Yes,Yes,1,1
57,A:A:T143,A:A:Y83,0,0,100,9.99,Yes,Yes,1,1
58,A:A:F146,A:A:Y83,0,0,100,13.41,Yes,Yes,1,1
59,A:A:F85,A:A:L98,0,0,100,3.65,Yes,No,1,0
60,A:A:F85,A:A:Y122,0,0,100,9.28,Yes,No,1,0
61,A:A:R86,A:A:V95,0,0,100,7.85,Yes,No,1,0
62,A:A:R86,A:A:W97,0,0,100,15.99,Yes,Yes,1,1
63,A:A:E123,A:A:R86,0,0,100,12.79,Yes,Yes,1,1
64,A:A:R125,A:A:R86,0,0,100,19.19,Yes,Yes,1,1
65,A:A:L87,A:A:L98,0,0,100,5.54,Yes,No,1,0
66,A:A:L87,A:A:Y111,0,0,100,8.21,Yes,Yes,1,5
67,A:A:L87,A:A:W120,0,0,100,7.97,Yes,Yes,1,5
68,A:A:L87,A:A:Y122,0,0,100,11.72,Yes,No,1,0
69,A:A:H89,A:A:S92,0,0,100,4.18,Yes,No,1,0
70,A:A:H115,A:A:H89,0,0,100,14.33,No,Yes,1,5
71,A:A:E119,A:A:H89,0,0,100,13.54,No,Yes,1,5
72,A:A:H89,A:A:W120,0,0,100,12.7,Yes,Yes,1,5
73,A:A:E94,A:A:S92,0,0,100,5.75,No,No,1,0
74,A:A:E94,A:A:H96,0,0,100,12.31,No,No,1,0
75,A:A:H96,A:A:Y111,0,0,100,15.24,No,Yes,1,0
76,A:A:H96,A:A:T335,0,0,100,8.21,No,No,1,0
77,A:A:R125,A:A:W97,0,0,100,6,Yes,Yes,1,1
78,A:A:R127,A:A:W97,0,0,100,37.99,Yes,Yes,1,1
79,A:A:N339,A:A:W97,0,0,100,5.65,No,Yes,1,0
80,A:A:D342,A:A:W97,0,0,100,7.82,No,Yes,1,1
81,A:A:L98,A:A:V107,0,0,100,4.47,No,No,1,0
82,A:A:D101,A:A:H99,0,0,100,7.56,No,No,1,0
83,A:A:D345,A:A:H99,0,0,100,5.04,Yes,No,1,6
84,A:A:H99,A:A:S357,0,0,100,8.37,No,No,1,6
85,A:A:M102,A:A:V107,0,0,100,4.56,No,No,1,0
86,A:A:G103,A:A:N378,0,0,100,5.09,No,No,1,0
87,A:A:E112,A:A:R108,0,0,100,8.14,No,No,1,0
88,A:A:E109,A:A:L113,0,0,100,5.3,No,No,1,0
89,A:A:K110,A:A:Y111,0,0,100,11.94,No,Yes,1,0
90,A:A:W120,A:A:Y111,0,0,100,4.82,Yes,Yes,1,5
91,A:A:E112,A:A:P117,0,0,100,18.86,No,No,1,0
92,A:A:E119,A:A:H115,0,0,100,6.15,No,No,1,5
93,A:A:H115,A:A:W120,0,0,100,8.46,No,Yes,1,5
94,A:A:E118,A:A:P116,0,0,100,4.72,No,No,1,0
95,A:A:E119,A:A:P116,0,0,100,12.58,No,No,1,0
96,A:A:E123,A:A:K121,0,0,100,4.05,Yes,No,1,0
97,A:A:E123,A:A:R125,0,0,100,10.47,Yes,Yes,1,1
98,A:A:F146,A:A:L124,0,0,100,6.09,Yes,No,1,1
99,A:A:Q150,A:A:R125,0,0,100,17.52,No,Yes,1,1
100,A:A:D154,A:A:R125,0,0,100,7.15,No,Yes,1,0
101,A:A:F146,A:A:I126,0,0,100,7.54,Yes,Yes,1,1
102,A:A:F147,A:A:I126,0,0,100,7.54,Yes,Yes,1,1
103,A:A:I126,A:A:Q150,0,0,100,5.49,Yes,No,1,1
104,A:A:R127,A:A:Y128,0,0,100,13.38,Yes,No,1,1
105,A:A:E256,A:A:R127,0,0,100,12.79,No,Yes,1,1
106,A:A:D342,A:A:R127,0,0,100,7.15,No,Yes,1,1
107,A:A:L343,A:A:R127,0,0,100,15.79,Yes,Yes,1,1
108,A:A:D342,A:A:Y128,0,0,100,9.2,No,No,1,1
109,A:A:G346,A:A:Y128,0,0,100,8.69,No,No,1,0
110,A:A:F133,A:A:L129,0,0,100,17.05,No,No,1,0
111,A:A:F147,A:A:L129,0,0,100,3.65,Yes,No,1,0
112,A:A:P130,A:A:Q136,0,0,100,9.47,No,No,1,0
113,A:A:F137,A:A:P130,0,0,100,4.33,Yes,No,1,1
114,A:A:F133,A:A:L134,0,0,100,4.87,No,No,1,0
115,A:A:E277,A:A:F133,0,0,100,4.66,No,No,1,0
116,A:A:F244,A:A:L134,0,0,100,8.53,Yes,No,1,0
117,A:A:F137,A:A:T143,0,0,100,9.08,Yes,Yes,1,1
118,A:A:F137,A:A:F147,0,0,100,7.5,Yes,Yes,1,1
119,A:A:E237,A:A:T138,0,0,100,4.23,No,No,1,0
120,A:A:D140,A:A:P142,0,0,100,4.83,Yes,No,1,0
121,A:A:D140,A:A:T143,0,0,100,13.01,Yes,Yes,1,0
122,A:A:E237,A:A:K141,0,0,100,8.1,No,No,1,0
123,A:A:I240,A:A:L144,0,0,100,4.28,Yes,No,1,0
124,A:A:I240,A:A:N145,0,0,100,4.25,Yes,No,1,0
125,A:A:F147,A:A:V151,0,0,100,7.87,Yes,No,1,1
126,A:A:F147,A:A:F244,0,0,100,6.43,Yes,Yes,1,1
127,A:A:Q149,A:A:Y148,0,0,100,7.89,Yes,Yes,1,3
128,A:A:K152,A:A:Y148,0,0,100,8.36,No,Yes,1,3
129,A:A:E175,A:A:Y148,0,0,100,12.35,Yes,Yes,1,3
130,A:A:R178,A:A:Y148,0,0,100,9.26,Yes,Yes,1,3
131,A:A:I240,A:A:Y148,0,0,100,15.71,Yes,Yes,1,3
132,A:A:F243,A:A:Y148,0,0,100,13.41,No,Yes,1,0
133,A:A:K152,A:A:Q149,0,0,100,4.07,No,Yes,1,3
134,A:A:Q149,A:A:R178,0,0,100,4.67,Yes,Yes,1,3
135,A:A:F244,A:A:V151,0,0,100,3.93,Yes,No,1,1
136,A:A:F253,A:A:V151,0,0,100,6.55,No,No,1,1
137,A:A:E175,A:A:K152,0,0,100,16.2,Yes,No,1,3
138,A:A:A160,A:A:Y155,0,0,100,9.34,No,No,1,0
139,A:A:L171,A:A:Y155,0,0,100,11.72,No,No,1,0
140,A:A:E158,A:A:Y251,0,0,100,5.61,No,No,1,0
141,A:A:I159,A:A:Y251,0,0,100,14.51,No,No,1,0
142,A:A:A160,A:A:P208,0,0,100,3.74,No,Yes,1,0
143,A:A:D161,A:A:P208,0,0,100,6.44,No,Yes,1,0
144,A:A:D161,A:A:K209,0,0,100,4.15,No,No,1,0
145,A:A:D161,A:A:S210,0,0,100,10.31,No,No,1,0
146,A:A:I167,A:A:V163,0,0,100,7.68,No,No,1,0
147,A:A:L211,A:A:Q165,0,0,100,5.32,Yes,No,1,0
148,A:A:E166,A:A:K170,0,0,100,4.05,No,Yes,1,0
149,A:A:A168,A:A:P208,0,0,100,3.74,No,Yes,1,0
150,A:A:L169,A:A:L211,0,0,100,5.54,No,Yes,1,0
151,A:A:L169,A:A:L223,0,0,100,5.54,No,No,1,0
152,A:A:L169,A:A:T227,0,0,100,5.9,No,No,1,0
153,A:A:K170,A:A:Q230,0,0,100,5.42,Yes,No,1,11
154,A:A:F231,A:A:K170,0,0,100,6.2,No,Yes,1,11
155,A:A:I246,A:A:K170,0,0,100,4.36,No,Yes,1,0
156,A:A:F243,A:A:L171,0,0,100,8.53,No,No,1,0
157,A:A:I246,A:A:L171,0,0,100,4.28,No,No,1,0
158,A:A:F207,A:A:G172,0,0,100,4.52,Yes,No,1,0
159,A:A:C173,A:A:F228,0,0,100,4.19,No,Yes,1,0
160,A:A:F231,A:A:L174,0,0,100,15.83,No,No,1,0
161,A:A:K242,A:A:L174,0,0,100,5.64,No,No,1,0
162,A:A:E175,A:A:R178,0,0,100,12.79,Yes,Yes,1,3
163,A:A:E175,A:A:S179,0,0,100,4.31,Yes,No,1,3
164,A:A:F206,A:A:I176,0,0,100,11.3,Yes,No,1,0
165,A:A:F228,A:A:R177,0,0,100,7.48,Yes,No,1,0
166,A:A:I240,A:A:R178,0,0,100,3.76,Yes,Yes,1,3
167,A:A:S179,A:A:Y180,0,0,100,11.45,No,Yes,1,3
168,A:A:R597,A:A:S179,0,0,100,3.95,No,No,1,3
169,A:A:V201,A:A:Y180,0,0,100,3.79,No,Yes,1,0
170,A:A:F206,A:A:Y180,0,0,100,4.13,Yes,Yes,1,0
171,A:A:F596,A:A:Y180,0,0,100,10.32,Yes,Yes,1,3
172,A:A:R597,A:A:Y180,0,0,100,9.26,No,Yes,1,3
173,A:A:N235,A:A:W181,0,0,100,15.82,No,No,1,0
174,A:A:R236,A:A:W181,0,0,100,39.98,No,No,1,0
175,A:A:L188,A:A:M183,0,0,100,5.65,No,No,1,3
176,A:A:F228,A:A:M183,0,0,100,3.73,Yes,No,1,3
177,A:A:M183,A:A:N595,0,0,100,4.21,No,No,1,3
178,A:A:N186,A:A:R184,0,0,100,4.82,No,No,1,0
179,A:A:I632,A:A:R184,0,0,100,6.26,No,No,1,0
180,A:A:E636,A:A:R184,0,0,100,8.14,No,No,1,0
181,A:A:F228,A:A:L188,0,0,100,6.09,Yes,No,1,3
182,A:A:E189,A:A:R229,0,0,100,11.63,No,No,1,0
183,A:A:K190,A:A:N193,0,0,100,6.99,No,Yes,1,3
184,A:A:E636,A:A:K190,0,0,100,9.45,No,No,1,3
185,A:A:K190,A:A:Y661,0,0,100,5.97,No,Yes,1,3
186,A:A:K191,A:A:R221,0,0,100,8.66,No,No,1,0
187,A:A:D662,A:A:S192,0,0,100,8.83,Yes,No,1,0
188,A:A:N193,A:A:N595,0,0,100,4.09,Yes,No,1,3
189,A:A:F596,A:A:N193,0,0,100,8.46,Yes,Yes,1,3
190,A:A:N193,A:A:Y661,0,0,100,10.47,Yes,Yes,1,3
191,A:A:E198,A:A:Y194,0,0,100,4.49,No,No,1,0
192,A:A:R221,A:A:Y194,0,0,100,17.49,No,No,1,0
193,A:A:I224,A:A:Y194,0,0,100,6.04,No,No,1,0
194,A:A:F596,A:A:V196,0,0,100,5.24,Yes,No,1,0
195,A:A:F596,A:A:L197,0,0,100,4.87,Yes,No,1,0
196,A:A:E198,A:A:L203,0,0,100,3.98,No,No,1,0
197,A:A:D200,A:A:K199,0,0,100,9.68,No,No,1,0
198,A:A:D200,A:A:R598,0,0,100,4.76,No,No,1,0
199,A:A:G202,A:A:V201,0,0,100,3.68,No,No,1,0
200,A:A:L203,A:A:L212,0,0,100,4.15,No,No,1,0
201,A:A:F206,A:A:R205,0,0,100,6.41,Yes,No,1,0
202,A:A:F206,A:A:F207,0,0,100,4.29,Yes,Yes,1,0
203,A:A:F207,A:A:P208,0,0,100,4.33,Yes,Yes,1,10
204,A:A:F207,A:A:L211,0,0,100,3.65,Yes,Yes,1,10
205,A:A:F207,A:A:L212,0,0,100,6.09,Yes,No,1,0
206,A:A:F207,A:A:I224,0,0,100,6.28,Yes,No,1,0
207,A:A:L211,A:A:P208,0,0,100,4.93,Yes,Yes,1,10
208,A:A:D213,A:A:K209,0,0,100,6.91,No,No,1,0
209,A:A:L220,A:A:V215,0,0,100,4.47,No,No,1,0
210,A:A:I224,A:A:L220,0,0,100,7.14,No,No,1,0
211,A:A:Q225,A:A:R221,0,0,100,5.84,No,No,1,0
212,A:A:K222,A:A:Q226,0,0,100,6.78,No,No,4,0
213,A:A:F231,A:A:Q230,0,0,100,16.4,No,No,1,11
214,A:A:A232,A:A:N233,0,0,100,4.69,No,No,1,0
215,A:A:E238,A:A:L234,0,0,100,3.98,No,No,1,0
216,A:A:E238,A:A:N235,0,0,100,19.72,No,No,1,0
217,A:A:E245,A:A:K242,0,0,100,13.5,No,No,1,0
218,A:A:I246,A:A:K242,0,0,100,4.36,No,No,1,0
219,A:A:F243,A:A:L247,0,0,100,3.65,No,No,1,0
220,A:A:F244,A:A:F253,0,0,100,7.5,Yes,No,1,1
221,A:A:L247,A:A:Y251,0,0,100,7.03,No,No,1,0
222,A:A:F253,A:A:L247,0,0,100,6.09,No,No,1,0
223,A:A:P249,A:A:S248,0,0,100,5.34,No,No,1,0
224,A:A:D254,A:A:R252,0,0,100,16.68,No,No,1,0
225,A:A:K255,A:A:R252,0,0,100,13.61,No,No,1,0
226,A:A:E278,A:A:K255,0,0,100,6.75,No,No,1,0
227,A:A:E256,A:A:F258,0,0,100,4.66,No,No,1,0
228,A:A:E256,A:A:L343,0,0,100,9.28,No,Yes,1,1
229,A:A:C257,A:A:E271,0,0,100,7.6,No,No,1,0
230,A:A:F258,A:A:M340,0,0,100,17.42,No,No,1,0
231,A:A:C260,A:A:L272,0,0,100,4.76,No,No,1,0
232,A:A:L262,A:A:V270,0,0,100,4.47,No,No,1,0
233,A:A:S265,A:A:W266,0,0,100,7.41,No,No,5,0
234,A:A:V270,A:A:Y282,0,0,100,6.31,No,No,1,0
235,A:A:I274,A:A:L343,0,0,100,7.14,No,Yes,1,0
236,A:A:I274,A:A:I344,0,0,100,4.42,No,No,1,0
237,A:A:G275,A:A:P276,0,0,100,4.06,No,No,1,0
238,A:A:E278,A:A:G275,0,0,100,4.91,No,No,1,0
239,A:A:P276,A:A:Y347,0,0,100,8.34,No,No,1,0
240,A:A:E277,A:A:E278,0,0,100,3.81,No,No,1,0
241,A:A:F296,A:A:G279,0,0,100,6.02,Yes,No,1,0
242,A:A:F296,A:A:I280,0,0,100,6.28,Yes,No,1,0
243,A:A:T291,A:A:Y282,0,0,100,18.73,No,No,1,0
244,A:A:L293,A:A:Y282,0,0,100,8.21,No,No,1,0
245,A:A:C288,A:A:D285,0,0,100,6.22,No,No,1,12
246,A:A:D285,A:A:N289,0,0,100,4.04,No,No,1,12
247,A:A:C288,A:A:N289,0,0,100,11.02,No,No,1,12
248,A:A:D295,A:A:H292,0,0,100,8.82,No,No,1,0
249,A:A:D295,A:A:Q298,0,0,100,5.22,No,No,1,0
250,A:A:F296,A:A:Y347,0,0,100,21.66,Yes,No,1,0
251,A:A:F296,A:A:V351,0,0,100,3.93,Yes,No,1,0
252,A:A:C348,A:A:V299,0,0,100,5.12,No,No,1,0
253,A:A:K319,A:A:Q300,0,0,100,5.42,No,No,1,0
254,A:A:I302,A:A:L318,0,0,100,4.28,Yes,No,1,0
255,A:A:I302,A:A:I344,0,0,100,4.42,Yes,No,1,0
256,A:A:D345,A:A:I302,0,0,100,4.2,Yes,Yes,1,6
257,A:A:I302,A:A:I359,0,0,100,4.42,Yes,Yes,1,6
258,A:A:I360,A:A:Q303,0,0,100,13.72,No,No,1,0
259,A:A:E338,A:A:Y304,0,0,100,11.22,No,No,1,0
260,A:A:I359,A:A:Y304,0,0,100,4.84,Yes,No,1,0
261,A:A:E308,A:A:S305,0,0,100,5.75,No,No,1,0
262,A:A:N306,A:A:R312,0,0,100,13.26,No,No,1,0
263,A:A:D309,A:A:S307,0,0,100,8.83,No,No,1,0
264,A:A:D311,A:A:K313,0,0,100,9.68,No,No,1,0
265,A:A:M315,A:A:T330,0,0,100,4.52,No,No,1,0
266,A:A:L316,A:A:L318,0,0,100,4.15,No,No,1,0
267,A:A:Q317,A:A:T328,0,0,100,11.34,No,No,1,0
268,A:A:E325,A:A:P324,0,0,100,7.86,No,No,1,0
269,A:A:I336,A:A:P332,0,0,100,6.77,No,No,1,0
270,A:A:S333,A:A:T335,0,0,100,4.8,No,No,1,0
271,A:A:I336,A:A:S333,0,0,100,6.19,No,No,1,0
272,A:A:E338,A:A:L334,0,0,100,6.63,No,No,1,0
273,A:A:L343,A:A:Y347,0,0,100,4.69,Yes,No,1,0
274,A:A:D345,A:A:R349,0,0,100,5.96,Yes,No,1,0
275,A:A:D345,A:A:S357,0,0,100,7.36,Yes,No,1,6
276,A:A:D345,A:A:F358,0,0,100,4.78,Yes,Yes,1,0
277,A:A:D345,A:A:I359,0,0,100,8.4,Yes,Yes,1,6
278,A:A:G346,A:A:R349,0,0,100,7.51,No,No,1,0
279,A:A:C348,A:A:F358,0,0,100,8.38,No,Yes,1,0
280,A:A:R349,A:A:T354,0,0,100,5.17,No,No,1,0
281,A:A:F358,A:A:N352,0,0,100,4.83,Yes,No,1,0
282,A:A:Q356,A:A:T354,0,0,100,11.34,No,No,1,0
283,A:A:F358,A:A:T354,0,0,100,6.49,Yes,No,1,0
284,A:A:R385,A:A:S355,0,0,100,9.22,No,No,1,0
285,A:A:Q356,A:A:R385,0,0,100,4.67,No,No,1,0
286,A:A:I359,A:A:S357,0,0,100,4.64,Yes,No,1,6
287,A:A:I360,A:A:P362,0,0,100,5.08,No,No,1,0
288,A:A:Q363,A:A:R361,0,0,100,8.18,No,No,1,0
289,A:A:E365,A:A:G366,0,0,100,6.55,No,No,6,0
290,A:A:G383,A:A:Q382,0,0,100,8.22,No,No,7,0
291,A:A:D395,A:A:Y397,0,0,100,5.75,No,No,1,0
292,A:A:E399,A:A:Y397,0,0,100,10.1,No,No,1,0
293,A:A:E399,A:A:I401,0,0,100,5.47,No,No,1,0
294,A:A:D402,A:A:E403,0,0,100,5.2,No,No,1,0
295,A:A:D402,A:A:S463,0,0,100,4.42,No,No,1,0
296,A:A:D405,A:A:E403,0,0,100,6.5,No,No,1,0
297,A:A:E466,A:A:T408,0,0,100,4.23,No,No,1,0
298,A:A:L473,A:A:T408,0,0,100,4.42,No,No,1,0
299,A:A:T412,A:A:Y415,0,0,100,4.99,No,No,1,0
300,A:A:E416,A:A:T412,0,0,100,9.88,No,No,1,13
301,A:A:T412,A:A:T491,0,0,100,4.71,No,No,1,13
302,A:A:R476,A:A:Y415,0,0,100,26.75,No,No,1,0
303,A:A:V489,A:A:Y415,0,0,100,7.57,No,No,1,0
304,A:A:E416,A:A:T491,0,0,100,12.7,No,No,1,13
305,A:A:I417,A:A:Y441,0,0,100,10.88,No,No,1,0
306,A:A:I417,A:A:I490,0,0,100,4.42,No,No,1,0
307,A:A:E420,A:A:Q418,0,0,100,10.19,No,No,1,0
308,A:A:Q418,A:A:R421,0,0,100,4.67,No,No,1,0
309,A:A:I490,A:A:R419,0,0,100,10.02,No,No,1,8
310,A:A:P494,A:A:R419,0,0,100,5.76,No,No,1,0
311,A:A:R419,A:A:W496,0,0,100,14.99,No,Yes,1,8
312,A:A:P444,A:A:R421,0,0,100,18.74,No,No,1,0
313,A:A:I422,A:A:Y441,0,0,100,4.84,No,No,1,0
314,A:A:I422,A:A:I498,0,0,100,5.89,No,Yes,1,0
315,A:A:E423,A:A:I440,0,0,100,5.47,No,No,3,0
316,A:A:E423,A:A:M442,0,0,100,5.41,No,No,3,0
317,A:A:H437,A:A:L424,0,0,100,11.57,No,No,1,0
318,A:A:I453,A:A:L424,0,0,100,4.28,No,No,1,8
319,A:A:L424,A:A:W496,0,0,100,4.56,No,Yes,1,8
320,A:A:Q438,A:A:R426,0,0,100,14.02,No,No,1,0
321,A:A:C427,A:A:D435,0,0,100,4.67,No,No,1,0
322,A:A:I428,A:A:V436,0,0,100,4.61,No,No,1,0
323,A:A:I428,A:A:Q438,0,0,100,6.86,No,No,1,0
324,A:A:G429,A:A:V436,0,0,100,3.68,No,No,1,0
325,A:A:E572,A:A:Q432,0,0,100,5.1,No,No,1,14
326,A:A:G434,A:A:K457,0,0,100,5.23,No,No,1,0
327,A:A:D435,A:A:K457,0,0,100,5.53,No,No,1,0
328,A:A:H437,A:A:T455,0,0,100,5.48,No,No,1,0
329,A:A:L501,A:A:Q438,0,0,100,5.32,No,No,1,0
330,A:A:S443,A:A:Y441,0,0,100,8.9,No,No,1,0
331,A:A:E445,A:A:S443,0,0,100,5.75,No,No,1,15
332,A:A:N446,A:A:S443,0,0,100,8.94,No,No,1,15
333,A:A:E445,A:A:P444,0,0,100,6.29,No,No,1,0
334,A:A:E445,A:A:N446,0,0,100,18.4,No,No,1,15
335,A:A:N446,A:A:P447,0,0,100,4.89,No,No,1,0
336,A:A:I498,A:A:V451,0,0,100,4.61,Yes,No,1,0
337,A:A:I453,A:A:W496,0,0,100,4.7,No,Yes,1,8
338,A:A:I453,A:A:I498,0,0,100,4.42,No,Yes,1,0
339,A:A:E471,A:A:K454,0,0,100,12.15,No,No,1,0
340,A:A:T455,A:A:W496,0,0,100,7.28,No,Yes,1,0
341,A:A:C456,A:A:F468,0,0,100,16.76,No,No,1,0
342,A:A:C459,A:A:N493,0,0,100,6.3,No,No,1,0
343,A:A:N493,A:A:T460,0,0,100,5.85,No,No,1,0
344,A:A:S461,A:A:V464,0,0,100,6.46,No,No,1,0
345,A:A:N493,A:A:R465,0,0,100,4.82,No,No,1,0
346,A:A:R465,A:A:V495,0,0,100,6.54,No,No,1,0
347,A:A:F468,A:A:V495,0,0,100,3.93,No,No,1,0
348,A:A:F468,A:A:I497,0,0,100,5.02,No,Yes,1,0
349,A:A:E471,A:A:I497,0,0,100,4.1,No,Yes,1,0
350,A:A:E471,A:A:G566,0,0,100,6.55,No,No,1,0
351,A:A:A472,A:A:I497,0,0,100,4.87,No,Yes,1,0
352,A:A:L486,A:A:M475,0,0,100,5.65,No,No,1,0
353,A:A:M475,A:A:M499,0,0,100,4.33,No,No,1,0
354,A:A:F565,A:A:M475,0,0,100,4.98,Yes,No,1,0
355,A:A:F478,A:A:Y536,0,0,100,4.13,Yes,No,1,0
356,A:A:F478,A:A:L537,0,0,100,7.31,Yes,Yes,1,4
357,A:A:F478,A:A:F542,0,0,100,5.36,Yes,No,1,4
358,A:A:F478,A:A:F565,0,0,100,5.36,Yes,Yes,1,4
359,A:A:D479,A:A:K485,0,0,100,6.91,No,No,1,0
360,A:A:H480,A:A:P481,0,0,100,9.15,Yes,No,1,4
361,A:A:H480,A:A:H482,0,0,100,5.97,Yes,Yes,1,4
362,A:A:H480,A:A:I483,0,0,100,9.28,Yes,No,1,4
363,A:A:H480,A:A:T532,0,0,100,6.85,Yes,Yes,1,4
364,A:A:H480,A:A:Y536,0,0,100,14.16,Yes,No,1,0
365,A:A:H482,A:A:P481,0,0,100,4.58,Yes,No,1,4
366,A:A:H482,A:A:Q529,0,0,100,21.02,Yes,No,1,0
367,A:A:H482,A:A:T532,0,0,100,4.11,Yes,Yes,1,4
368,A:A:I483,A:A:L537,0,0,100,4.28,No,Yes,1,4
369,A:A:F565,A:A:I483,0,0,100,5.02,Yes,No,1,4
370,A:A:M499,A:A:V484,0,0,100,4.56,No,No,1,0
371,A:A:E500,A:A:V484,0,0,100,5.7,No,No,1,0
372,A:A:E500,A:A:K485,0,0,100,9.45,No,No,1,0
373,A:A:I487,A:A:I498,0,0,100,5.89,No,Yes,1,0
374,A:A:I497,A:A:V489,0,0,100,4.61,Yes,No,1,0
375,A:A:I490,A:A:W496,0,0,100,5.87,No,Yes,1,8
376,A:A:E500,A:A:K561,0,0,100,13.5,No,No,1,0
377,A:A:C502,A:A:L553,0,0,100,9.52,No,No,1,0
378,A:A:C502,A:A:K561,0,0,100,4.85,No,No,1,0
379,A:A:L504,A:A:V554,0,0,100,4.47,No,No,1,0
380,A:A:L507,A:A:L511,0,0,100,8.3,No,No,1,0
381,A:A:A549,A:A:L507,0,0,100,4.73,No,No,1,0
382,A:A:L507,A:A:V552,0,0,100,5.96,No,No,1,0
383,A:A:Q512,A:A:R508,0,0,100,11.68,No,No,1,0
384,A:A:K621,A:A:R508,0,0,100,11.14,No,No,1,0
385,A:A:F510,A:A:L511,0,0,100,3.65,Yes,No,1,0
386,A:A:F510,A:A:R514,0,0,100,16.03,Yes,Yes,1,16
387,A:A:F510,A:A:L518,0,0,100,3.65,Yes,No,1,16
388,A:A:F510,A:A:Y526,0,0,100,4.13,Yes,No,1,0
389,A:A:F510,A:A:V554,0,0,100,10.49,Yes,No,1,0
390,A:A:I615,A:A:L511,0,0,100,4.28,No,No,1,0
391,A:A:R514,A:A:V513,0,0,100,6.54,Yes,No,1,0
392,A:A:R514,A:A:S517,0,0,100,5.27,Yes,No,1,0
393,A:A:L518,A:A:R514,0,0,100,6.07,No,Yes,1,16
394,A:A:K515,A:A:Y516,0,0,100,8.36,No,No,1,0
395,A:A:H618,A:A:K515,0,0,100,11.79,No,No,1,0
396,A:A:D519,A:A:S522,0,0,100,8.83,No,No,1,0
397,A:A:E683,A:A:L520,0,0,100,6.63,No,No,1,0
398,A:A:I615,A:A:L523,0,0,100,4.28,No,No,1,0
399,A:A:H618,A:A:L523,0,0,100,6.43,No,No,1,0
400,A:A:I524,A:A:L680,0,0,100,7.14,No,No,1,0
401,A:A:L525,A:A:Q529,0,0,100,10.65,No,No,1,0
402,A:A:V560,A:A:Y526,0,0,100,6.31,No,No,1,0
403,A:A:T532,A:A:Y528,0,0,100,8.74,Yes,No,1,0
404,A:A:S677,A:A:Y528,0,0,100,7.63,No,No,1,0
405,A:A:Q529,A:A:V560,0,0,100,4.3,No,No,1,0
406,A:A:L530,A:A:V552,0,0,100,4.47,No,No,1,0
407,A:A:F608,A:A:L530,0,0,100,6.09,Yes,No,1,0
408,A:A:K673,A:A:S531,0,0,100,4.59,No,No,1,0
409,A:A:K673,A:A:T532,0,0,100,4.5,No,Yes,1,0
410,A:A:I547,A:A:L534,0,0,100,5.71,No,No,1,7
411,A:A:F608,A:A:L534,0,0,100,4.87,Yes,No,1,7
412,A:A:F669,A:A:L534,0,0,100,18.27,Yes,No,1,7
413,A:A:K540,A:A:Y536,0,0,100,13.14,No,No,1,0
414,A:A:F542,A:A:L537,0,0,100,4.87,No,Yes,1,4
415,A:A:F565,A:A:L537,0,0,100,3.65,Yes,Yes,1,4
416,A:A:E538,A:A:R668,0,0,100,11.63,No,No,1,0
417,A:A:E538,A:A:F669,0,0,100,8.16,No,Yes,1,0
418,A:A:F542,A:A:F565,0,0,100,6.43,No,Yes,1,4
419,A:A:D604,A:A:V543,0,0,100,5.84,No,No,1,0
420,A:A:H544,A:A:I547,0,0,100,5.3,Yes,No,1,7
421,A:A:H544,A:A:L562,0,0,100,6.43,Yes,No,1,0
422,A:A:D564,A:A:H544,0,0,100,5.04,No,Yes,1,0
423,A:A:D604,A:A:H544,0,0,100,3.78,No,Yes,1,7
424,A:A:R545,A:A:R569,0,0,100,5.33,No,Yes,1,0
425,A:A:F599,A:A:R545,0,0,100,16.03,No,No,1,0
426,A:A:D546,A:A:R550,0,0,100,10.72,No,Yes,1,2
427,A:A:D546,A:A:N551,0,0,100,6.73,No,No,1,2
428,A:A:D604,A:A:I547,0,0,100,5.6,No,No,1,7
429,A:A:A548,A:A:R550,0,0,100,6.91,No,Yes,1,2
430,A:A:A548,A:A:W588,0,0,100,5.19,No,Yes,1,2
431,A:A:A549,A:A:E614,0,0,100,6.03,No,No,1,0
432,A:A:N551,A:A:R550,0,0,100,7.23,No,Yes,1,2
433,A:A:P585,A:A:R550,0,0,100,8.65,No,Yes,1,2
434,A:A:R550,A:A:W588,0,0,100,10,Yes,Yes,1,2
435,A:A:D564,A:A:N551,0,0,100,5.39,No,No,1,0
436,A:A:V552,A:A:V560,0,0,100,4.81,No,No,1,0
437,A:A:K561,A:A:S555,0,0,100,12.24,No,No,1,0
438,A:A:D558,A:A:S556,0,0,100,4.42,No,No,1,0
439,A:A:D564,A:A:G566,0,0,100,5.03,No,No,1,0
440,A:A:L567,A:A:R569,0,0,100,10.93,No,Yes,1,0
441,A:A:R569,A:A:S568,0,0,100,5.27,Yes,No,1,0
442,A:A:R569,A:A:Y570,0,0,100,7.2,Yes,No,1,0
443,A:A:M571,A:A:Y570,0,0,100,13.17,No,No,1,0
444,A:A:M571,A:A:S574,0,0,100,9.2,No,No,1,0
445,A:A:D573,A:A:L584,0,0,100,12.21,No,No,1,0
446,A:A:K578,A:A:Y576,0,0,100,4.78,No,No,2,0
447,A:A:P585,A:A:W588,0,0,100,5.4,No,Yes,1,2
448,A:A:I586,A:A:I594,0,0,100,5.89,No,No,1,0
449,A:A:I586,A:A:N628,0,0,100,11.33,No,No,1,0
450,A:A:K587,A:A:W588,0,0,100,8.12,No,Yes,1,0
451,A:A:F623,A:A:K587,0,0,100,7.44,Yes,No,1,0
452,A:A:K587,A:A:N628,0,0,100,6.99,No,No,1,0
453,A:A:V610,A:A:W588,0,0,100,4.9,No,Yes,1,0
454,A:A:E614,A:A:W588,0,0,100,11.99,No,Yes,1,0
455,A:A:P622,A:A:W588,0,0,100,12.16,No,Yes,1,2
456,A:A:M589,A:A:S593,0,0,100,4.6,No,No,1,0
457,A:A:I594,A:A:M589,0,0,100,5.83,No,No,1,0
458,A:A:A590,A:A:E592,0,0,100,6.03,No,No,1,2
459,A:A:A590,A:A:W606,0,0,100,6.48,No,Yes,1,2
460,A:A:A590,A:A:R666,0,0,100,4.15,No,Yes,1,2
461,A:A:P591,A:A:W606,0,0,100,12.16,No,Yes,1,0
462,A:A:P591,A:A:Y661,0,0,100,8.34,No,Yes,1,0
463,A:A:E592,A:A:P663,0,0,100,11,No,No,1,2
464,A:A:E592,A:A:R666,0,0,100,10.47,No,Yes,1,2
465,A:A:F599,A:A:S593,0,0,100,9.25,No,No,1,0
466,A:A:F596,A:A:N595,0,0,100,8.46,Yes,No,1,3
467,A:A:F669,A:A:V605,0,0,100,10.49,Yes,No,1,0
468,A:A:R640,A:A:W606,0,0,100,4,No,Yes,1,2
469,A:A:W606,A:A:W659,0,0,100,10.31,Yes,Yes,1,2
470,A:A:R666,A:A:W606,0,0,100,6,Yes,Yes,1,2
471,A:A:F608,A:A:M612,0,0,100,11.2,Yes,No,1,0
472,A:A:F608,A:A:F669,0,0,100,4.29,Yes,Yes,1,7
473,A:A:C658,A:A:G609,0,0,100,3.92,No,No,1,0
474,A:A:G609,A:A:W659,0,0,100,5.63,No,Yes,1,0
475,A:A:M612,A:A:M655,0,0,100,4.33,No,No,1,0
476,A:A:M617,A:A:W613,0,0,100,20.94,No,Yes,1,2
477,A:A:V620,A:A:W613,0,0,100,3.68,No,Yes,1,2
478,A:A:L641,A:A:W613,0,0,100,20.5,Yes,Yes,1,2
479,A:A:P644,A:A:W613,0,0,100,5.4,No,Yes,1,2
480,A:A:W613,A:A:W659,0,0,100,3.75,Yes,Yes,1,2
481,A:A:C647,A:A:L616,0,0,100,6.35,Yes,No,1,2
482,A:A:L616,A:A:L651,0,0,100,4.15,No,No,1,2
483,A:A:L616,A:A:M655,0,0,100,4.24,No,No,1,0
484,A:A:M617,A:A:V620,0,0,100,6.09,No,No,1,2
485,A:A:M617,A:A:P644,0,0,100,6.71,No,No,1,2
486,A:A:Q624,A:A:V620,0,0,100,4.3,No,No,1,0
487,A:A:K621,A:A:Q624,0,0,100,6.78,No,No,1,0
488,A:A:F623,A:A:P622,0,0,100,5.78,Yes,No,1,2
489,A:A:L641,A:A:P622,0,0,100,4.93,Yes,No,1,2
490,A:A:F623,A:A:V631,0,0,100,15.73,Yes,No,1,0
491,A:A:F623,A:A:L641,0,0,100,7.31,Yes,Yes,1,2
492,A:A:R634,A:A:V626,0,0,100,10.46,No,No,1,0
493,A:A:D630,A:A:K627,0,0,100,8.3,No,No,1,0
494,A:A:E639,A:A:R634,0,0,100,5.82,No,No,1,0
495,A:A:I635,A:A:R640,0,0,100,5.01,No,No,1,0
496,A:A:E636,A:A:Y661,0,0,100,10.1,No,Yes,1,3
497,A:A:R640,A:A:W659,0,0,100,8,No,Yes,1,2
498,A:A:L641,A:A:P642,0,0,100,4.93,Yes,No,1,0
499,A:A:M643,A:A:Y652,0,0,100,17.96,No,No,1,0
500,A:A:C647,A:A:P644,0,0,100,9.41,Yes,No,1,2
501,A:A:C647,A:A:P648,0,0,100,3.77,Yes,No,1,2
502,A:A:C647,A:A:L651,0,0,100,4.76,Yes,No,1,2
503,A:A:L651,A:A:P648,0,0,100,4.93,No,No,1,2
504,A:A:I679,A:A:T650,0,0,100,6.08,No,No,1,0
505,A:A:T656,A:A:Y652,0,0,100,6.24,No,No,1,0
506,A:A:L654,A:A:L672,0,0,100,4.15,No,No,1,0
507,A:A:L654,A:A:Q675,0,0,100,5.32,No,No,1,0
508,A:A:M655,A:A:W659,0,0,100,8.14,No,Yes,1,0
509,A:A:D662,A:A:P663,0,0,100,4.83,Yes,No,1,0
510,A:A:D662,A:A:S664,0,0,100,7.36,Yes,No,1,0
511,A:A:D662,A:A:R665,0,0,100,9.53,Yes,No,1,0
512,A:A:P663,A:A:R666,0,0,100,11.53,No,Yes,1,2
513,A:A:L672,A:A:P667,0,0,100,6.57,No,No,1,0
514,A:A:E671,A:A:Q675,0,0,100,5.1,No,No,1,0
515,A:A:E681,A:A:L680,0,0,100,6.63,No,No,1,0
516,A:A:K684,A:A:L680,0,0,100,9.87,No,No,1,0
517,A:A:E682,A:A:Q686,0,0,100,3.82,No,No,8,0
518,A:A:G59,A:A:T62,0,0,0,3.64,No,No,1,0
519,A:A:M156,A:A:Y155,0,0,0,3.59,No,No,1,0
520,A:A:P410,A:A:S411,0,0,0,3.56,No,No,1,0
521,A:A:G263,A:A:I267,0,0,0,3.53,No,No,1,0
522,A:A:G488,A:A:I417,0,0,0,3.53,No,No,1,0
523,A:A:P667,A:A:V605,0,0,0,3.53,No,No,1,0
524,A:A:G633,A:A:I632,0,0,0,3.53,No,No,1,0
525,A:A:C559,A:A:S555,0,0,0,3.44,No,No,1,0
526,A:A:C260,A:A:V329,0,0,0,3.42,No,No,1,0
527,A:A:H58,A:A:R35,0,0,0,3.39,No,No,1,0
528,A:A:H58,A:A:R108,0,0,0,3.39,No,No,1,0
529,A:A:I373,A:A:P374,0,0,0,3.39,No,No,9,0
530,A:A:A261,A:A:T330,0,0,0,3.36,No,No,1,0
531,A:A:M409,A:A:P410,0,0,0,3.35,No,No,1,0
532,A:A:M643,A:A:P644,0,0,0,3.35,No,No,1,0
533,A:A:K657,A:A:P667,0,0,0,3.35,No,No,1,0
534,A:A:G619,A:A:Q512,0,0,0,3.29,No,No,1,0
535,A:A:L520,A:A:P648,0,0,0,3.28,No,No,1,0
536,A:A:L584,A:A:P585,0,0,0,3.28,No,No,1,0
537,A:A:C611,A:A:I547,0,0,0,3.27,No,No,1,0
538,A:A:S593,A:A:S603,0,0,0,3.26,No,No,1,0
539,A:A:A323,A:A:I320,0,0,0,3.25,No,No,1,0
540,A:A:A331,A:A:I336,0,0,0,3.25,No,No,1,0
541,A:A:A533,A:A:I483,0,0,0,3.25,No,No,1,0
542,A:A:C260,A:A:M340,0,0,0,3.24,No,No,1,0
543,A:A:A187,A:A:M183,0,0,0,3.22,No,No,1,0
544,A:A:A527,A:A:M612,0,0,0,3.22,No,No,1,0
545,A:A:A398,A:A:K70,0,0,0,3.21,No,No,1,0
546,A:A:V626,A:A:V631,0,0,0,3.21,No,No,1,0
547,A:A:S603,A:A:T600,0,0,0,3.2,No,No,1,0
548,A:A:T219,A:A:V215,0,0,0,3.17,No,No,1,0
549,A:A:T284,A:A:V270,0,0,0,3.17,No,No,1,0
550,A:A:P326,A:A:Q317,0,0,0,3.16,No,No,1,0
551,A:A:A81,A:A:L350,0,0,0,3.15,No,No,1,0
552,A:A:A450,A:A:L501,0,0,0,3.15,No,No,1,0
553,A:A:A527,A:A:L676,0,0,0,3.15,No,No,1,0
554,A:A:T50,A:A:T51,0,0,0,3.14,No,No,1,0
555,A:A:I71,A:A:S54,0,0,0,3.1,No,No,1,0
556,A:A:I401,A:A:V36,0,0,0,3.07,No,No,1,0
557,A:A:I268,A:A:V270,0,0,0,3.07,No,No,1,0
558,A:A:M315,A:A:S305,0,0,0,3.07,No,No,1,0
559,A:A:K581,A:A:S580,0,0,0,3.06,No,No,2,0
560,A:A:K657,A:A:S653,0,0,0,3.06,No,No,1,0
561,A:A:I360,A:A:T301,0,0,0,3.04,No,No,1,0
562,A:A:A323,A:A:E325,0,0,0,3.02,No,No,1,0
563,A:A:L157,A:A:S153,0,0,0,3,No,No,1,0
564,A:A:K319,A:A:T301,0,0,0,3,No,No,1,0
565,A:A:L518,A:A:S522,0,0,0,3,No,No,1,0
566,A:A:L449,A:A:V451,0,0,0,2.98,No,No,1,0
567,A:A:L241,A:A:T138,0,0,0,2.95,No,No,1,0
568,A:A:C427,A:A:H437,0,0,0,2.95,No,No,1,0
569,A:A:L469,A:A:T491,0,0,0,2.95,No,No,1,0
570,A:A:L501,A:A:T503,0,0,0,2.95,No,No,1,0
571,A:A:I167,A:A:I246,0,0,0,2.94,No,No,1,0
572,A:A:I524,A:A:I679,0,0,0,2.94,No,No,1,0
573,A:A:A114,A:A:H115,0,0,0,2.93,No,No,1,0
574,A:A:D73,A:A:V72,0,0,0,2.92,No,No,1,0
575,A:A:D630,A:A:V626,0,0,0,2.92,No,No,1,0
576,A:A:G59,A:A:Y397,0,0,0,2.9,No,No,1,0
577,A:A:G84,A:A:Y128,0,0,0,2.9,No,No,1,0
578,A:A:G488,A:A:Y415,0,0,0,2.9,No,No,1,0
579,A:A:E278,A:A:S281,0,0,0,2.87,No,No,1,0
580,A:A:E538,A:A:S601,0,0,0,2.87,No,No,1,0
581,A:A:I524,A:A:L651,0,0,0,2.85,No,No,1,0
582,A:A:L473,A:A:M409,0,0,0,2.83,No,No,1,0
583,A:A:K242,A:A:L234,0,0,0,2.82,No,No,1,0
584,A:A:K467,A:A:L567,0,0,0,2.82,No,No,1,0
585,A:A:E538,A:A:T670,0,0,0,2.82,No,No,1,0
586,A:A:D164,A:A:I167,0,0,0,2.8,No,No,1,0
587,A:A:A232,A:A:F228,0,0,0,2.77,No,Yes,1,0
588,A:A:I159,A:A:Q162,0,0,0,2.74,No,No,1,0
589,A:A:I320,A:A:Q298,0,0,0,2.74,No,No,1,0
590,A:A:D285,A:A:L283,0,0,0,2.71,No,No,1,0
591,A:A:E198,A:A:K199,0,0,0,2.7,No,No,1,0
592,A:A:L473,A:A:Q470,0,0,0,2.66,No,No,1,0
593,A:A:E237,A:A:L144,0,0,0,2.65,No,No,1,0
594,A:A:R177,A:A:S239,0,0,0,2.64,No,No,1,0
595,A:A:F253,A:A:S248,0,0,0,2.64,No,No,1,0
596,A:A:F433,A:A:V464,0,0,0,2.62,No,No,1,0
597,A:A:D405,A:A:E466,0,0,0,2.6,No,No,1,0
598,A:A:D435,A:A:E430,0,0,0,2.6,No,No,1,0
599,A:A:F478,A:A:T474,0,0,0,2.59,Yes,No,1,0
600,A:A:N46,A:A:R597,0,0,0,2.41,No,No,1,0
601,A:A:K76,A:A:Y577,0,0,0,2.39,No,No,2,0
602,A:A:L350,A:A:Y128,0,0,0,2.34,No,No,1,0
603,A:A:L473,A:A:Y415,0,0,0,2.34,No,No,1,0
604,A:A:Q477,A:A:R476,0,0,0,2.34,No,No,1,0
605,A:A:F478,A:A:Q477,0,0,0,2.34,Yes,No,1,0
606,A:A:E492,A:A:R419,0,0,0,2.33,No,No,1,0
607,A:A:N557,A:A:Y526,0,0,0,2.33,No,No,1,0
608,A:A:M607,A:A:W588,0,0,0,2.33,No,Yes,1,0
609,A:A:H89,A:A:R91,0,0,0,2.26,Yes,No,1,0
610,A:A:Y576,A:A:Y577,0,0,0,1.99,No,No,2,0
611,A:A:A232,A:A:G185,0,0,0,1.95,No,No,1,0
612,A:A:A331,A:A:G314,0,0,0,1.95,No,No,1,0
613,A:A:A337,A:A:G314,0,0,0,1.95,No,No,1,0
614,A:A:P644,A:A:P645,0,0,0,1.95,No,No,1,0
615,A:A:P648,A:A:P649,0,0,0,1.95,No,No,1,0
616,A:A:A602,A:A:P663,0,0,0,1.87,No,No,1,0
617,A:A:G439,A:A:V451,0,0,0,1.84,No,No,1,0
618,A:A:G563,A:A:V484,0,0,0,1.84,No,No,1,0
619,A:A:P290,A:A:S281,0,0,0,1.78,No,No,1,0
620,A:A:G287,A:A:K286,0,0,0,1.74,No,No,1,0
621,A:A:G314,A:A:K313,0,0,0,1.74,No,No,1,0
622,A:A:C559,A:A:S556,0,0,0,1.72,No,No,1,0
623,A:A:C260,A:A:V270,0,0,0,1.71,No,No,1,0
624,A:A:G263,A:A:L262,0,0,0,1.71,No,No,1,0
625,A:A:A273,A:A:S281,0,0,0,1.71,No,No,1,0
626,A:A:C456,A:A:V464,0,0,0,1.71,No,No,1,0
627,A:A:A452,A:A:V436,0,0,0,1.7,No,No,1,0
628,A:A:G638,A:A:N637,0,0,0,1.7,No,No,1,0
629,A:A:D63,A:A:G66,0,0,0,1.68,No,No,1,0
630,A:A:D63,A:A:G103,0,0,0,1.68,No,No,1,0
631,A:A:D295,A:A:G279,0,0,0,1.68,No,No,1,0
632,A:A:D285,A:A:G287,0,0,0,1.68,No,No,1,0
633,A:A:A388,A:A:T386,0,0,0,1.68,No,No,10,0
634,A:A:K319,A:A:P326,0,0,0,1.67,No,No,1,0
635,A:A:L283,A:A:P290,0,0,0,1.64,No,No,1,0
636,A:A:L370,A:A:P371,0,0,0,1.64,No,No,11,0
637,A:A:G439,A:A:Q438,0,0,0,1.64,No,No,1,0
638,A:A:A398,A:A:I56,0,0,0,1.62,No,No,1,0
639,A:A:S88,A:A:V95,0,0,0,1.62,No,No,1,0
640,A:A:S214,A:A:V215,0,0,0,1.62,No,No,1,0
641,A:A:C257,A:A:K255,0,0,0,1.62,No,No,1,0
642,A:A:A261,A:A:I267,0,0,0,1.62,No,No,1,0
643,A:A:A294,A:A:I320,0,0,0,1.62,No,No,1,0
644,A:A:A341,A:A:I302,0,0,0,1.62,No,Yes,1,6
645,A:A:A341,A:A:I359,0,0,0,1.62,No,Yes,1,6
646,A:A:S390,A:A:V389,0,0,0,1.62,No,No,12,0
647,A:A:A448,A:A:I440,0,0,0,1.62,No,No,3,0
648,A:A:S509,A:A:V513,0,0,0,1.62,No,No,1,0
649,A:A:A535,A:A:K673,0,0,0,1.61,No,No,1,0
650,A:A:V163,A:A:V250,0,0,0,1.6,No,No,1,0
651,A:A:S264,A:A:T328,0,0,0,1.6,No,No,1,0
652,A:A:T297,A:A:V351,0,0,0,1.59,No,No,1,0
653,A:A:E325,A:A:P326,0,0,0,1.57,No,No,1,0
654,A:A:I400,A:A:S74,0,0,0,1.55,No,No,1,0
655,A:A:A521,A:A:D519,0,0,0,1.54,No,No,1,0
656,A:A:K313,A:A:S307,0,0,0,1.53,No,No,1,0
657,A:A:M315,A:A:S307,0,0,0,1.53,No,No,1,0
658,A:A:K540,A:A:S539,0,0,0,1.53,No,No,1,0
659,A:A:A321,A:A:Q298,0,0,0,1.52,No,No,1,0
660,A:A:A321,A:A:Q300,0,0,0,1.52,No,No,1,0
661,A:A:I679,A:A:T678,0,0,0,1.52,No,No,1,0
662,A:A:G638,A:A:R640,0,0,0,1.5,No,No,1,0
663,A:A:I400,A:A:I56,0,0,0,1.47,No,No,1,0
664,A:A:P362,A:A:R361,0,0,0,1.44,No,No,1,0
665,A:A:Q363,A:A:S379,0,0,0,1.44,No,No,1,0
666,A:A:I320,A:A:L327,0,0,0,1.43,No,No,1,0
667,A:A:I632,A:A:N629,0,0,0,1.42,No,No,1,0
668,A:A:K121,A:A:L90,0,0,0,1.41,No,No,1,0
669,A:A:K204,A:A:L212,0,0,0,1.41,No,No,1,0
670,A:A:A660,A:A:R665,0,0,0,1.38,No,No,1,0
671,A:A:A660,A:A:R666,0,0,0,1.38,No,Yes,1,0
672,A:A:L334,A:A:N306,0,0,0,1.37,No,No,1,0
673,A:A:E109,A:A:K110,0,0,0,1.35,No,No,1,0
674,A:A:R413,A:A:S411,0,0,0,1.32,No,No,1,0
675,A:A:E189,A:A:Q225,0,0,0,1.27,No,No,1,0
676,A:A:S580,A:A:Y576,0,0,0,1.27,No,No,2,0
677,A:A:K218,A:A:R221,0,0,0,1.24,No,No,1,0
678,A:A:D414,A:A:R476,0,0,0,1.19,No,No,1,0
679,A:A:F433,A:A:Q432,0,0,0,1.17,No,No,1,14
680,A:A:E572,A:A:F433,0,0,0,1.17,No,No,1,14
681,A:A:E182,A:A:R236,0,0,0,1.16,No,No,1,0
